step,action_type,frequency
0,attack,3
0,defend,2
0,gather,2
0,move,6
0,pass,5
0,reproduce,5
0,share,7
1,attack,5
1,defend,4
1,gather,7
1,move,6
1,pass,1
1,reproduce,5
1,share,2
2,attack,2
2,defend,3
2,gather,7
2,move,4
2,pass,4
2,reproduce,5
2,share,5
3,attack,8
3,defend,4
3,gather,5
3,move,5
3,pass,2
3,reproduce,2
3,share,4
4,attack,6
4,defend,4
4,gather,4
4,move,4
4,pass,8
4,reproduce,3
4,share,1
5,attack,5
5,defend,7
5,gather,5
5,move,3
5,pass,4
5,reproduce,3
5,share,4
6,attack,6
6,defend,6
6,gather,3
6,move,7
6,pass,4
6,reproduce,3
6,share,3
7,attack,4
7,defend,5
7,gather,5
7,move,3
7,pass,2
7,reproduce,9
7,share,4
8,attack,1
8,defend,5
8,gather,3
8,move,5
8,pass,8
8,reproduce,3
8,share,9
9,attack,6
9,defend,6
9,gather,4
9,move,5
9,pass,4
9,reproduce,4
9,share,5
10,attack,4
10,defend,6
10,gather,4
10,move,4
10,pass,5
10,reproduce,8
10,share,3
11,attack,2
11,defend,4
11,gather,8
11,move,8
11,pass,2
11,reproduce,6
11,share,6
12,attack,6
12,defend,4
12,gather,8
12,move,4
12,pass,3
12,reproduce,7
12,share,5
13,attack,5
13,defend,3
13,gather,4
13,move,9
13,pass,2
13,reproduce,7
13,share,8
14,attack,5
14,defend,9
14,gather,6
14,move,5
14,pass,7
14,reproduce,3
14,share,5
15,attack,4
15,defend,6
15,gather,7
15,move,8
15,pass,8
15,reproduce,5
15,share,3
16,attack,3
16,defend,7
16,gather,9
16,move,2
16,pass,8
16,reproduce,5
16,share,8
17,attack,7
17,defend,5
17,gather,5
17,move,7
17,pass,5
17,reproduce,4
17,share,10
18,attack,8
18,defend,5
18,gather,7
18,move,2
18,pass,8
18,reproduce,7
18,share,6
19,attack,6
19,defend,8
19,gather,7
19,move,6
19,pass,5
19,reproduce,4
19,share,8
20,attack,5
20,defend,11
20,gather,4
20,move,3
20,pass,5
20,reproduce,4
20,share,13
21,attack,9
21,defend,5
21,gather,5
21,move,5
21,pass,7
21,reproduce,11
21,share,4
22,attack,3
22,defend,7
22,gather,10
22,move,6
22,pass,9
22,reproduce,10
22,share,4
23,attack,9
23,defend,4
23,gather,12
23,move,9
23,pass,9
23,reproduce,3
23,share,6
24,attack,5
24,defend,5
24,gather,11
24,move,6
24,pass,10
24,reproduce,10
24,share,6
25,attack,10
25,defend,6
25,gather,9
25,move,5
25,pass,7
25,reproduce,10
25,share,8
26,attack,11
26,defend,6
26,gather,7
26,move,10
26,pass,10
26,reproduce,5
26,share,8
27,attack,4
27,defend,13
27,gather,7
27,move,5
27,pass,6
27,reproduce,13
27,share,9
28,attack,12
28,defend,11
28,gather,4
28,move,12
28,pass,11
28,reproduce,6
28,share,4
29,attack,7
29,defend,11
29,gather,6
29,move,9
29,pass,7
29,reproduce,10
29,share,11
30,attack,9
30,defend,9
30,gather,14
30,move,7
30,pass,10
30,reproduce,6
30,share,8
31,attack,6
31,defend,5
31,gather,7
31,move,10
31,pass,14
31,reproduce,8
31,share,13
32,attack,9
32,defend,14
32,gather,8
32,move,9
32,pass,5
32,reproduce,6
32,share,13
33,attack,8
33,defend,6
33,gather,10
33,move,9
33,pass,12
33,reproduce,8
33,share,12
34,attack,8
34,defend,6
34,gather,11
34,move,10
34,pass,8
34,reproduce,13
34,share,10
35,attack,16
35,defend,10
35,gather,13
35,move,6
35,pass,6
35,reproduce,9
35,share,7
36,attack,9
36,defend,12
36,gather,9
36,move,13
36,pass,7
36,reproduce,4
36,share,13
37,attack,11
37,defend,11
37,gather,12
37,move,9
37,pass,9
37,reproduce,6
37,share,10
38,attack,10
38,defend,9
38,gather,11
38,move,9
38,pass,13
38,reproduce,8
38,share,10
39,attack,16
39,defend,11
39,gather,10
39,move,9
39,pass,12
39,reproduce,8
39,share,7
40,attack,11
40,defend,12
40,gather,3
40,move,16
40,pass,8
40,reproduce,15
40,share,11
41,attack,11
41,defend,7
41,gather,12
41,move,16
41,pass,6
41,reproduce,13
41,share,15
42,attack,13
42,defend,17
42,gather,10
42,move,12
42,pass,11
42,reproduce,8
42,share,10
43,attack,11
43,defend,16
43,gather,11
43,move,6
43,pass,17
43,reproduce,9
43,share,11
44,attack,9
44,defend,6
44,gather,12
44,move,12
44,pass,10
44,reproduce,17
44,share,16
45,attack,7
45,defend,14
45,gather,11
45,move,14
45,pass,13
45,reproduce,10
45,share,16
46,attack,16
46,defend,9
46,gather,15
46,move,10
46,pass,12
46,reproduce,13
46,share,11
47,attack,12
47,defend,12
47,gather,15
47,move,11
47,pass,10
47,reproduce,14
47,share,13
48,attack,7
48,defend,13
48,gather,11
48,move,14
48,pass,14
48,reproduce,12
48,share,16
49,attack,14
49,defend,10
49,gather,19
49,move,11
49,pass,12
49,reproduce,10
49,share,11
50,attack,11
50,defend,12
50,gather,10
50,move,9
50,pass,15
50,reproduce,10
50,share,20
51,attack,14
51,defend,15
51,gather,12
51,move,8
51,pass,11
51,reproduce,12
51,share,17
52,attack,11
52,defend,11
52,gather,11
52,move,18
52,pass,9
52,reproduce,19
52,share,11
53,attack,15
53,defend,14
53,gather,17
53,move,13
53,pass,10
53,reproduce,16
53,share,6
54,attack,13
54,defend,20
54,gather,10
54,move,11
54,pass,15
54,reproduce,12
54,share,11
55,attack,16
55,defend,15
55,gather,10
55,move,21
55,pass,12
55,reproduce,9
55,share,10
56,attack,14
56,defend,14
56,gather,14
56,move,13
56,pass,18
56,reproduce,9
56,share,12
57,attack,12
57,defend,20
57,gather,12
57,move,10
57,pass,11
57,reproduce,10
57,share,19
58,attack,12
58,defend,11
58,gather,9
58,move,15
58,pass,14
58,reproduce,19
58,share,14
59,attack,12
59,defend,17
59,gather,16
59,move,6
59,pass,10
59,reproduce,14
59,share,20
60,attack,12
60,defend,11
60,gather,12
60,move,20
60,pass,13
60,reproduce,15
60,share,13
61,attack,19
61,defend,13
61,gather,8
61,move,16
61,pass,11
61,reproduce,15
61,share,15
62,attack,12
62,defend,17
62,gather,12
62,move,8
62,pass,18
62,reproduce,11
62,share,20
63,attack,16
63,defend,12
63,gather,19
63,move,10
63,pass,17
63,reproduce,13
63,share,11
64,attack,5
64,defend,23
64,gather,20
64,move,15
64,pass,9
64,reproduce,12
64,share,14
65,attack,9
65,defend,10
65,gather,12
65,move,15
65,pass,17
65,reproduce,20
65,share,15
66,attack,16
66,defend,13
66,gather,17
66,move,8
66,pass,20
66,reproduce,15
66,share,9
67,attack,11
67,defend,10
67,gather,17
67,move,14
67,pass,16
67,reproduce,20
67,share,10
68,attack,17
68,defend,16
68,gather,11
68,move,20
68,pass,12
68,reproduce,10
68,share,13
69,attack,17
69,defend,15
69,gather,22
69,move,11
69,pass,9
69,reproduce,15
69,share,10
70,attack,12
70,defend,11
70,gather,14
70,move,9
70,pass,15
70,reproduce,13
70,share,25
71,attack,24
71,defend,11
71,gather,9
71,move,8
71,pass,16
71,reproduce,16
71,share,15
72,attack,17
72,defend,11
72,gather,18
72,move,16
72,pass,15
72,reproduce,10
72,share,12
73,attack,11
73,defend,18
73,gather,9
73,move,14
73,pass,16
73,reproduce,12
73,share,19
74,attack,8
74,defend,16
74,gather,21
74,move,6
74,pass,21
74,reproduce,12
74,share,16
75,attack,17
75,defend,12
75,gather,8
75,move,23
75,pass,11
75,reproduce,15
75,share,15
76,attack,12
76,defend,20
76,gather,11
76,move,15
76,pass,13
76,reproduce,8
76,share,22
77,attack,16
77,defend,19
77,gather,9
77,move,22
77,pass,13
77,reproduce,11
77,share,12
78,attack,9
78,defend,17
78,gather,19
78,move,14
78,pass,15
78,reproduce,11
78,share,17
79,attack,11
79,defend,14
79,gather,13
79,move,14
79,pass,12
79,reproduce,19
79,share,19
80,attack,13
80,defend,15
80,gather,10
80,move,13
80,pass,15
80,reproduce,17
80,share,19
81,attack,10
81,defend,14
81,gather,12
81,move,17
81,pass,15
81,reproduce,18
81,share,16
82,attack,23
82,defend,5
82,gather,6
82,move,12
82,pass,21
82,reproduce,18
82,share,17
83,attack,14
83,defend,16
83,gather,13
83,move,9
83,pass,13
83,reproduce,23
83,share,15
84,attack,16
84,defend,17
84,gather,11
84,move,15
84,pass,8
84,reproduce,20
84,share,16
85,attack,12
85,defend,14
85,gather,15
85,move,16
85,pass,15
85,reproduce,17
85,share,17
86,attack,15
86,defend,20
86,gather,19
86,move,15
86,pass,17
86,reproduce,7
86,share,13
87,attack,12
87,defend,23
87,gather,15
87,move,14
87,pass,9
87,reproduce,12
87,share,23
88,attack,16
88,defend,13
88,gather,14
88,move,21
88,pass,16
88,reproduce,14
88,share,14
89,attack,17
89,defend,14
89,gather,6
89,move,17
89,pass,17
89,reproduce,18
89,share,19
90,attack,9
90,defend,14
90,gather,15
90,move,17
90,pass,13
90,reproduce,23
90,share,17
91,attack,12
91,defend,18
91,gather,13
91,move,18
91,pass,18
91,reproduce,18
91,share,12
92,attack,22
92,defend,12
92,gather,21
92,move,17
92,pass,14
92,reproduce,12
92,share,11
93,attack,15
93,defend,18
93,gather,12
93,move,10
93,pass,19
93,reproduce,14
93,share,21
94,attack,16
94,defend,25
94,gather,16
94,move,9
94,pass,15
94,reproduce,15
94,share,13
95,attack,15
95,defend,17
95,gather,16
95,move,17
95,pass,16
95,reproduce,9
95,share,19
96,attack,9
96,defend,18
96,gather,19
96,move,15
96,pass,17
96,reproduce,16
96,share,15
97,attack,17
97,defend,16
97,gather,20
97,move,14
97,pass,14
97,reproduce,14
97,share,14
98,attack,16
98,defend,14
98,gather,14
98,move,15
98,pass,18
98,reproduce,14
98,share,18
99,attack,12
99,defend,13
99,gather,21
99,move,18
99,pass,18
99,reproduce,10
99,share,18
100,attack,19
100,defend,12
100,gather,15
100,move,19
100,pass,20
100,reproduce,11
100,share,15
101,attack,16
101,defend,20
101,gather,17
101,move,13
101,pass,20
101,reproduce,10
101,share,15
102,attack,24
102,defend,17
102,gather,15
102,move,11
102,pass,15
102,reproduce,13
102,share,16
103,attack,16
103,defend,15
103,gather,14
103,move,20
103,pass,20
103,reproduce,13
103,share,13
104,attack,13
104,defend,14
104,gather,19
104,move,14
104,pass,17
104,reproduce,18
104,share,16
105,attack,10
105,defend,17
105,gather,12
105,move,19
105,pass,21
105,reproduce,11
105,share,20
106,attack,8
106,defend,17
106,gather,18
106,move,18
106,pass,20
106,reproduce,19
106,share,10
107,attack,14
107,defend,15
107,gather,12
107,move,13
107,pass,17
107,reproduce,12
107,share,28
108,attack,21
108,defend,17
108,gather,16
108,move,19
108,pass,11
108,reproduce,12
108,share,15
109,attack,18
109,defend,11
109,gather,21
109,move,17
109,pass,15
109,reproduce,13
109,share,17
110,attack,14
110,defend,18
110,gather,15
110,move,17
110,pass,15
110,reproduce,17
110,share,16
111,attack,14
111,defend,16
111,gather,15
111,move,22
111,pass,17
111,reproduce,19
111,share,9
112,attack,15
112,defend,12
112,gather,20
112,move,21
112,pass,21
112,reproduce,18
112,share,6
113,attack,14
113,defend,17
113,gather,15
113,move,15
113,pass,17
113,reproduce,27
113,share,9
114,attack,25
114,defend,18
114,gather,14
114,move,17
114,pass,15
114,reproduce,13
114,share,12
115,attack,19
115,defend,16
115,gather,19
115,move,17
115,pass,17
115,reproduce,9
115,share,17
116,attack,17
116,defend,11
116,gather,19
116,move,16
116,pass,16
116,reproduce,23
116,share,12
117,attack,18
117,defend,15
117,gather,15
117,move,11
117,pass,23
117,reproduce,11
117,share,21
118,attack,15
118,defend,15
118,gather,18
118,move,19
118,pass,17
118,reproduce,12
118,share,18
119,attack,11
119,defend,15
119,gather,18
119,move,10
119,pass,17
119,reproduce,22
119,share,21
120,attack,18
120,defend,15
120,gather,17
120,move,16
120,pass,21
120,reproduce,13
120,share,15
121,attack,15
121,defend,18
121,gather,17
121,move,14
121,pass,19
121,reproduce,12
121,share,20
122,attack,18
122,defend,16
122,gather,17
122,move,9
122,pass,24
122,reproduce,13
122,share,18
123,attack,13
123,defend,19
123,gather,15
123,move,22
123,pass,12
123,reproduce,16
123,share,18
124,attack,13
124,defend,19
124,gather,15
124,move,11
124,pass,24
124,reproduce,16
124,share,17
125,attack,21
125,defend,20
125,gather,12
125,move,9
125,pass,13
125,reproduce,23
125,share,17
126,attack,16
126,defend,11
126,gather,12
126,move,21
126,pass,16
126,reproduce,16
126,share,23
127,attack,14
127,defend,19
127,gather,21
127,move,13
127,pass,11
127,reproduce,16
127,share,21
128,attack,12
128,defend,16
128,gather,19
128,move,13
128,pass,18
128,reproduce,20
128,share,17
129,attack,21
129,defend,18
129,gather,13
129,move,12
129,pass,18
129,reproduce,16
129,share,17
130,attack,22
130,defend,19
130,gather,21
130,move,12
130,pass,12
130,reproduce,10
130,share,19
131,attack,16
131,defend,18
131,gather,14
131,move,17
131,pass,18
131,reproduce,18
131,share,14
132,attack,15
132,defend,24
132,gather,17
132,move,14
132,pass,14
132,reproduce,21
132,share,10
133,attack,20
133,defend,17
133,gather,15
133,move,13
133,pass,17
133,reproduce,23
133,share,10
134,attack,16
134,defend,16
134,gather,20
134,move,12
134,pass,14
134,reproduce,20
134,share,18
135,attack,10
135,defend,16
135,gather,15
135,move,17
135,pass,17
135,reproduce,22
135,share,20
136,attack,18
136,defend,19
136,gather,19
136,move,17
136,pass,16
136,reproduce,17
136,share,11
137,attack,21
137,defend,16
137,gather,9
137,move,14
137,pass,20
137,reproduce,13
137,share,24
138,attack,14
138,defend,23
138,gather,14
138,move,12
138,pass,22
138,reproduce,18
138,share,14
139,attack,21
139,defend,14
139,gather,16
139,move,15
139,pass,23
139,reproduce,13
139,share,15
140,attack,10
140,defend,14
140,gather,23
140,move,20
140,pass,19
140,reproduce,11
140,share,20
141,attack,16
141,defend,16
141,gather,15
141,move,15
141,pass,16
141,reproduce,21
141,share,18
142,attack,23
142,defend,19
142,gather,15
142,move,9
142,pass,17
142,reproduce,17
142,share,17
143,attack,14
143,defend,19
143,gather,20
143,move,17
143,pass,18
143,reproduce,19
143,share,9
144,attack,22
144,defend,15
144,gather,18
144,move,16
144,pass,10
144,reproduce,14
144,share,20
145,attack,18
145,defend,14
145,gather,17
145,move,17
145,pass,22
145,reproduce,13
145,share,14
146,attack,13
146,defend,21
146,gather,15
146,move,15
146,pass,20
146,reproduce,12
146,share,18
147,attack,16
147,defend,16
147,gather,15
147,move,17
147,pass,16
147,reproduce,18
147,share,16
148,attack,13
148,defend,15
148,gather,20
148,move,13
148,pass,19
148,reproduce,12
148,share,21
149,attack,17
149,defend,15
149,gather,17
149,move,20
149,pass,17
149,reproduce,11
149,share,15
150,attack,9
150,defend,15
150,gather,20
150,move,17
150,pass,16
150,reproduce,20
150,share,15
151,attack,13
151,defend,15
151,gather,26
151,move,13
151,pass,19
151,reproduce,14
151,share,11
152,attack,16
152,defend,18
152,gather,18
152,move,9
152,pass,13
152,reproduce,20
152,share,17
153,attack,22
153,defend,17
153,gather,14
153,move,16
153,pass,13
153,reproduce,12
153,share,15
154,attack,14
154,defend,18
154,gather,19
154,move,18
154,pass,12
154,reproduce,16
154,share,9
155,attack,19
155,defend,18
155,gather,13
155,move,10
155,pass,9
155,reproduce,20
155,share,15
156,attack,12
156,defend,12
156,gather,13
156,move,18
156,pass,17
156,reproduce,15
156,share,16
157,attack,19
157,defend,15
157,gather,13
157,move,12
157,pass,19
157,reproduce,13
157,share,10
158,attack,16
158,defend,15
158,gather,8
158,move,13
158,pass,14
158,reproduce,19
158,share,15
159,attack,17
159,defend,16
159,gather,22
159,move,9
159,pass,12
159,reproduce,13
159,share,10
160,attack,19
160,defend,13
160,gather,11
160,move,15
160,pass,16
160,reproduce,9
160,share,12
161,attack,15
161,defend,15
161,gather,9
161,move,17
161,pass,13
161,reproduce,15
161,share,10
162,attack,14
162,defend,14
162,gather,15
162,move,19
162,pass,8
162,reproduce,12
162,share,11
163,attack,18
163,defend,11
163,gather,13
163,move,16
163,pass,14
163,reproduce,9
163,share,11
164,attack,11
164,defend,13
164,gather,16
164,move,13
164,pass,12
164,reproduce,9
164,share,16
165,attack,14
165,defend,8
165,gather,17
165,move,14
165,pass,15
165,reproduce,13
165,share,9
166,attack,14
166,defend,10
166,gather,11
166,move,17
166,pass,7
166,reproduce,17
166,share,13
167,attack,16
167,defend,16
167,gather,11
167,move,10
167,pass,16
167,reproduce,9
167,share,11
168,attack,17
168,defend,12
168,gather,13
168,move,15
168,pass,8
168,reproduce,9
168,share,15
169,attack,11
169,defend,11
169,gather,13
169,move,13
169,pass,15
169,reproduce,13
169,share,12
170,attack,15
170,defend,17
170,gather,14
170,move,10
170,pass,10
170,reproduce,10
170,share,11
171,attack,11
171,defend,10
171,gather,10
171,move,11
171,pass,19
171,reproduce,11
171,share,12
172,attack,12
172,defend,15
172,gather,11
172,move,11
172,pass,11
172,reproduce,11
172,share,9
173,attack,12
173,defend,13
173,gather,11
173,move,12
173,pass,18
173,reproduce,2
173,share,9
174,attack,10
174,defend,12
174,gather,8
174,move,9
174,pass,14
174,reproduce,11
174,share,13
175,attack,15
175,defend,9
175,gather,8
175,move,11
175,pass,10
175,reproduce,12
175,share,12
176,attack,11
176,defend,5
176,gather,11
176,move,12
176,pass,13
176,reproduce,20
176,share,4
177,attack,12
177,defend,10
177,gather,8
177,move,11
177,pass,16
177,reproduce,8
177,share,8
178,attack,16
178,defend,7
178,gather,11
178,move,9
178,pass,8
178,reproduce,11
178,share,9
179,attack,5
179,defend,8
179,gather,9
179,move,14
179,pass,9
179,reproduce,13
179,share,12
180,attack,13
180,defend,7
180,gather,9
180,move,10
180,pass,10
180,reproduce,9
180,share,12
181,attack,16
181,defend,5
181,gather,11
181,move,12
181,pass,7
181,reproduce,7
181,share,12
182,attack,13
182,defend,10
182,gather,6
182,move,14
182,pass,12
182,reproduce,7
182,share,8
183,attack,8
183,defend,8
183,gather,6
183,move,11
183,pass,9
183,reproduce,14
183,share,12
184,attack,15
184,defend,2
184,gather,12
184,move,9
184,pass,11
184,reproduce,10
184,share,8
185,attack,7
185,defend,10
185,gather,5
185,move,6
185,pass,17
185,reproduce,13
185,share,6
186,attack,12
186,defend,10
186,gather,4
186,move,9
186,pass,9
186,reproduce,10
186,share,8
187,attack,9
187,defend,7
187,gather,8
187,move,5
187,pass,7
187,reproduce,13
187,share,11
188,attack,4
188,defend,9
188,gather,9
188,move,10
188,pass,5
188,reproduce,12
188,share,10
189,attack,12
189,defend,6
189,gather,9
189,move,5
189,pass,11
189,reproduce,5
189,share,11
190,attack,8
190,defend,7
190,gather,11
190,move,6
190,pass,7
190,reproduce,9
190,share,12
191,attack,9
191,defend,11
191,gather,9
191,move,9
191,pass,8
191,reproduce,6
191,share,7
192,attack,11
192,defend,9
192,gather,5
192,move,10
192,pass,10
192,reproduce,6
192,share,6
193,attack,12
193,defend,12
193,gather,12
193,move,4
193,pass,6
193,reproduce,5
193,share,5
194,attack,8
194,defend,10
194,gather,4
194,move,10
194,pass,8
194,reproduce,8
194,share,7
195,attack,2
195,defend,7
195,gather,8
195,move,9
195,pass,17
195,reproduce,3
195,share,9
196,attack,6
196,defend,9
196,gather,11
196,move,3
196,pass,10
196,reproduce,9
196,share,7
197,attack,9
197,defend,13
197,gather,5
197,move,7
197,pass,8
197,reproduce,6
197,share,7
198,attack,7
198,defend,5
198,gather,10
198,move,6
198,pass,8
198,reproduce,12
198,share,7
199,attack,6
199,defend,12
199,gather,8
199,move,5
199,pass,10
199,reproduce,9
199,share,5
200,attack,8
200,defend,8
200,gather,7
200,move,6
200,pass,8
200,reproduce,7
200,share,10
201,attack,7
201,defend,10
201,gather,8
201,move,5
201,pass,11
201,reproduce,9
201,share,4
202,attack,12
202,defend,9
202,gather,9
202,move,3
202,pass,9
202,reproduce,7
202,share,5
203,attack,5
203,defend,6
203,gather,7
203,move,10
203,pass,7
203,reproduce,10
203,share,10
204,attack,7
204,defend,9
204,gather,3
204,move,5
204,pass,11
204,reproduce,10
204,share,10
205,attack,7
205,defend,6
205,gather,8
205,move,10
205,pass,7
205,reproduce,10
205,share,7
206,attack,9
206,defend,5
206,gather,6
206,move,11
206,pass,8
206,reproduce,6
206,share,9
207,attack,8
207,defend,5
207,gather,9
207,move,6
207,pass,11
207,reproduce,7
207,share,7
208,attack,7
208,defend,5
208,gather,9
208,move,7
208,pass,9
208,reproduce,6
208,share,10
209,attack,6
209,defend,3
209,gather,9
209,move,9
209,pass,14
209,reproduce,4
209,share,7
210,attack,6
210,defend,9
210,gather,12
210,move,10
210,pass,5
210,reproduce,5
210,share,5
211,attack,11
211,defend,6
211,gather,7
211,move,7
211,pass,6
211,reproduce,9
211,share,6
212,attack,7
212,defend,5
212,gather,8
212,move,2
212,pass,7
212,reproduce,11
212,share,14
213,attack,10
213,defend,10
213,gather,6
213,move,6
213,pass,9
213,reproduce,8
213,share,6
214,attack,7
214,defend,9
214,gather,6
214,move,10
214,pass,7
214,reproduce,6
214,share,10
215,attack,7
215,defend,10
215,gather,7
215,move,5
215,pass,10
215,reproduce,10
215,share,5
216,attack,8
216,defend,10
216,gather,9
216,move,7
216,pass,5
216,reproduce,8
216,share,7
217,attack,7
217,defend,3
217,gather,8
217,move,9
217,pass,5
217,reproduce,9
217,share,11
218,attack,7
218,defend,9
218,gather,7
218,move,12
218,pass,2
218,reproduce,9
218,share,5
219,attack,6
219,defend,9
219,gather,6
219,move,6
219,pass,9
219,reproduce,6
219,share,7
220,attack,10
220,defend,4
220,gather,7
220,move,7
220,pass,10
220,reproduce,6
220,share,5
221,attack,8
221,defend,4
221,gather,5
221,move,7
221,pass,9
221,reproduce,6
221,share,10
222,attack,9
222,defend,10
222,gather,7
222,move,8
222,pass,4
222,reproduce,5
222,share,6
223,attack,9
223,defend,8
223,gather,9
223,move,5
223,pass,5
223,reproduce,8
223,share,4
224,attack,10
224,defend,7
224,gather,10
224,move,7
224,pass,4
224,reproduce,7
224,share,3
225,attack,7
225,defend,8
225,gather,3
225,move,6
225,pass,9
225,reproduce,10
225,share,5
226,attack,7
226,defend,5
226,gather,9
226,move,6
226,pass,10
226,reproduce,4
226,share,7
227,attack,5
227,defend,6
227,gather,6
227,move,7
227,pass,8
227,reproduce,4
227,share,12
228,attack,8
228,defend,6
228,gather,4
228,move,10
228,pass,7
228,reproduce,7
228,share,6
229,attack,11
229,defend,6
229,gather,10
229,move,9
229,pass,4
229,reproduce,4
229,share,4
230,attack,9
230,defend,9
230,gather,5
230,move,8
230,pass,5
230,reproduce,8
230,share,4
231,attack,5
231,defend,7
231,gather,8
231,move,4
231,pass,8
231,reproduce,9
231,share,6
232,attack,5
232,defend,9
232,gather,8
232,move,9
232,pass,2
232,reproduce,4
232,share,9
233,attack,6
233,defend,2
233,gather,10
233,move,9
233,pass,9
233,reproduce,6
233,share,5
234,attack,10
234,defend,7
234,gather,7
234,move,8
234,pass,8
234,reproduce,3
234,share,5
235,attack,8
235,defend,4
235,gather,8
235,move,6
235,pass,8
235,reproduce,6
235,share,8
236,attack,8
236,defend,6
236,gather,6
236,move,6
236,pass,5
236,reproduce,10
236,share,7
237,attack,6
237,defend,7
237,gather,7
237,move,8
237,pass,4
237,reproduce,11
237,share,5
238,attack,9
238,defend,13
238,gather,8
238,move,3
238,pass,3
238,reproduce,6
238,share,6
239,attack,2
239,defend,8
239,gather,7
239,move,5
239,pass,8
239,reproduce,5
239,share,12
240,attack,11
240,defend,5
240,gather,9
240,move,8
240,pass,5
240,reproduce,4
240,share,5
241,attack,5
241,defend,7
241,gather,11
241,move,5
241,pass,8
241,reproduce,3
241,share,7
242,attack,6
242,defend,7
242,gather,5
242,move,5
242,pass,5
242,reproduce,10
242,share,8
243,attack,6
243,defend,4
243,gather,7
243,move,5
243,pass,8
243,reproduce,10
243,share,7
244,attack,5
244,defend,9
244,gather,11
244,move,5
244,pass,9
244,reproduce,5
244,share,2
245,attack,8
245,defend,8
245,gather,8
245,move,2
245,pass,2
245,reproduce,9
245,share,8
246,attack,9
246,defend,3
246,gather,5
246,move,7
246,pass,10
246,reproduce,6
246,share,5
247,attack,5
247,defend,3
247,gather,11
247,move,8
247,pass,7
247,reproduce,5
247,share,6
248,attack,5
248,defend,10
248,gather,6
248,move,7
248,pass,3
248,reproduce,9
248,share,6
249,attack,8
249,defend,7
249,gather,8
249,move,7
249,pass,5
249,reproduce,3
249,share,8
250,attack,5
250,defend,7
250,gather,11
250,move,3
250,pass,7
250,reproduce,8
250,share,5
251,attack,5
251,defend,7
251,gather,7
251,move,6
251,pass,6
251,reproduce,10
251,share,5
252,attack,5
252,defend,10
252,gather,7
252,move,6
252,pass,7
252,reproduce,4
252,share,4
253,attack,5
253,defend,8
253,gather,4
253,move,4
253,pass,3
253,reproduce,13
253,share,5
254,attack,4
254,defend,8
254,gather,3
254,move,3
254,pass,7
254,reproduce,9
254,share,8
255,attack,5
255,defend,6
255,gather,6
255,move,5
255,pass,5
255,reproduce,5
255,share,10
256,attack,3
256,defend,3
256,gather,4
256,move,12
256,pass,7
256,reproduce,8
256,share,5
257,attack,10
257,defend,5
257,gather,6
257,move,8
257,pass,5
257,reproduce,2
257,share,6
258,attack,3
258,defend,5
258,gather,7
258,move,9
258,pass,5
258,reproduce,9
258,share,3
259,attack,6
259,defend,10
259,gather,4
259,move,2
259,pass,4
259,reproduce,8
259,share,7
260,attack,7
260,defend,10
260,gather,4
260,move,3
260,pass,7
260,reproduce,9
260,share,1
261,attack,6
261,defend,10
261,gather,7
261,move,5
261,pass,6
261,reproduce,4
261,share,3
262,attack,3
262,defend,8
262,gather,5
262,move,5
262,pass,10
262,reproduce,5
262,share,5
263,attack,6
263,defend,9
263,gather,3
263,move,6
263,pass,9
263,reproduce,3
263,share,5
264,attack,4
264,defend,8
264,gather,8
264,move,6
264,pass,4
264,reproduce,6
264,share,5
265,attack,4
265,defend,2
265,gather,8
265,move,9
265,pass,7
265,reproduce,4
265,share,7
266,attack,3
266,defend,5
266,gather,7
266,move,4
266,pass,7
266,reproduce,9
266,share,6
267,attack,6
267,defend,10
267,gather,5
267,move,7
267,pass,5
267,reproduce,2
267,share,6
268,attack,9
268,defend,7
268,gather,8
268,move,4
268,pass,6
268,reproduce,4
268,share,3
269,attack,10
269,defend,3
269,gather,5
269,move,8
269,pass,3
269,reproduce,4
269,share,8
270,attack,10
270,defend,7
270,move,7
270,pass,10
270,reproduce,2
270,share,6
271,attack,4
271,defend,7
271,gather,8
271,move,6
271,reproduce,8
271,share,9
272,attack,4
272,defend,8
272,gather,5
272,move,7
272,pass,5
272,reproduce,5
272,share,7
273,attack,5
273,defend,4
273,gather,9
273,move,4
273,pass,4
273,reproduce,10
273,share,5
274,attack,8
274,defend,8
274,gather,9
274,move,7
274,pass,3
274,reproduce,3
274,share,3
275,attack,7
275,defend,10
275,gather,2
275,move,5
275,pass,5
275,reproduce,7
275,share,5
276,attack,10
276,defend,7
276,gather,5
276,move,6
276,pass,4
276,reproduce,5
276,share,4
277,attack,6
277,defend,2
277,gather,8
277,move,6
277,pass,7
277,reproduce,7
277,share,5
278,attack,10
278,defend,8
278,gather,6
278,move,5
278,pass,1
278,reproduce,7
278,share,3
279,attack,6
279,defend,5
279,gather,7
279,move,2
279,pass,6
279,reproduce,6
279,share,8
280,attack,6
280,defend,7
280,gather,5
280,move,7
280,pass,4
280,reproduce,3
280,share,8
281,attack,7
281,defend,3
281,gather,4
281,move,8
281,pass,8
281,reproduce,6
281,share,4
282,attack,6
282,defend,7
282,gather,5
282,move,4
282,pass,10
282,reproduce,2
282,share,6
283,attack,6
283,defend,5
283,gather,8
283,move,5
283,pass,4
283,reproduce,6
283,share,5
284,attack,6
284,defend,9
284,gather,3
284,move,5
284,pass,6
284,reproduce,2
284,share,8
285,attack,5
285,defend,5
285,gather,3
285,move,7
285,pass,7
285,reproduce,6
285,share,5
286,attack,6
286,defend,5
286,gather,5
286,move,9
286,pass,5
286,reproduce,2
286,share,6
287,attack,5
287,defend,5
287,gather,4
287,move,3
287,pass,5
287,reproduce,6
287,share,9
288,attack,6
288,defend,6
288,gather,4
288,move,3
288,pass,6
288,reproduce,6
288,share,6
289,attack,5
289,defend,6
289,gather,4
289,move,6
289,pass,9
289,reproduce,1
289,share,6
290,attack,6
290,defend,3
290,move,9
290,pass,6
290,reproduce,8
290,share,5
291,attack,5
291,defend,4
291,gather,4
291,move,5
291,pass,4
291,reproduce,11
291,share,4
292,attack,6
292,defend,6
292,gather,6
292,move,8
292,pass,2
292,reproduce,2
292,share,8
293,attack,5
293,defend,6
293,gather,1
293,move,6
293,pass,4
293,reproduce,6
293,share,10
294,attack,8
294,defend,6
294,gather,3
294,move,4
294,pass,5
294,reproduce,7
294,share,4
295,attack,7
295,defend,7
295,gather,6
295,move,3
295,pass,3
295,reproduce,5
295,share,6
296,attack,9
296,defend,3
296,gather,6
296,move,7
296,pass,2
296,reproduce,5
296,share,6
297,attack,4
297,defend,2
297,gather,11
297,move,5
297,pass,3
297,reproduce,6
297,share,7
298,attack,8
298,defend,1
298,gather,7
298,move,4
298,pass,7
298,reproduce,8
298,share,4
299,attack,5
299,defend,6
299,gather,7
299,move,7
299,pass,3
299,reproduce,3
299,share,8
300,attack,1
300,defend,6
300,gather,4
300,move,4
300,pass,9
300,reproduce,6
300,share,8
301,attack,5
301,defend,3
301,gather,4
301,move,7
301,pass,4
301,reproduce,7
301,share,8
302,attack,8
302,defend,4
302,gather,4
302,move,6
302,pass,2
302,reproduce,7
302,share,7
303,attack,7
303,defend,3
303,gather,7
303,move,4
303,pass,4
303,reproduce,8
303,share,5
304,attack,1
304,defend,8
304,gather,6
304,move,8
304,pass,5
304,reproduce,6
304,share,4
305,attack,4
305,defend,5
305,gather,10
305,move,3
305,pass,7
305,reproduce,6
305,share,3
306,attack,5
306,defend,6
306,gather,5
306,move,4
306,pass,1
306,reproduce,9
306,share,8
307,attack,5
307,defend,8
307,gather,2
307,move,6
307,pass,3
307,reproduce,6
307,share,7
308,attack,3
308,defend,5
308,gather,5
308,move,6
308,pass,7
308,reproduce,7
308,share,4
309,attack,7
309,defend,4
309,gather,5
309,move,7
309,pass,7
309,reproduce,3
309,share,4
310,attack,8
310,defend,4
310,gather,5
310,move,5
310,pass,6
310,reproduce,5
310,share,4
311,attack,2
311,defend,6
311,gather,5
311,move,4
311,pass,4
311,reproduce,4
311,share,12
312,attack,7
312,defend,5
312,gather,8
312,move,4
312,pass,5
312,reproduce,6
312,share,2
313,attack,8
313,defend,2
313,gather,7
313,move,8
313,pass,7
313,reproduce,5
313,share,1
314,attack,4
314,defend,3
314,gather,9
314,move,5
314,pass,7
314,reproduce,7
314,share,4
315,attack,1
315,defend,6
315,gather,5
315,move,8
315,pass,4
315,reproduce,5
315,share,9
316,attack,8
316,defend,7
316,gather,3
316,move,3
316,pass,8
316,reproduce,6
316,share,3
317,attack,3
317,defend,7
317,gather,3
317,move,5
317,pass,9
317,reproduce,3
317,share,9
318,attack,9
318,defend,3
318,gather,5
318,move,5
318,pass,6
318,reproduce,5
318,share,6
319,attack,10
319,defend,3
319,gather,6
319,move,7
319,pass,6
319,reproduce,2
319,share,6
320,attack,5
320,defend,6
320,gather,5
320,move,5
320,pass,9
320,reproduce,3
320,share,7
321,attack,4
321,defend,2
321,gather,3
321,move,8
321,pass,8
321,reproduce,9
321,share,6
322,attack,4
322,defend,2
322,gather,7
322,move,9
322,pass,9
322,reproduce,2
322,share,6
323,attack,5
323,defend,5
323,gather,6
323,move,6
323,pass,7
323,reproduce,4
323,share,6
324,attack,6
324,defend,4
324,gather,5
324,move,8
324,pass,4
324,reproduce,6
324,share,6
325,attack,9
325,defend,1
325,gather,9
325,move,2
325,pass,4
325,reproduce,7
325,share,7
326,attack,9
326,defend,4
326,gather,6
326,move,6
326,pass,2
326,reproduce,7
326,share,5
327,attack,4
327,defend,2
327,gather,5
327,move,6
327,pass,12
327,reproduce,5
327,share,5
328,attack,2
328,defend,6
328,gather,3
328,move,7
328,pass,11
328,reproduce,6
328,share,4
329,attack,3
329,defend,7
329,gather,7
329,move,3
329,pass,9
329,reproduce,4
329,share,6
330,attack,1
330,defend,6
330,gather,6
330,move,4
330,pass,9
330,reproduce,7
330,share,6
331,attack,10
331,defend,6
331,gather,4
331,move,5
331,pass,3
331,reproduce,6
331,share,5
332,attack,6
332,defend,2
332,gather,6
332,move,7
332,pass,4
332,reproduce,7
332,share,5
333,attack,5
333,defend,5
333,gather,3
333,move,6
333,pass,6
333,reproduce,4
333,share,8
334,attack,7
334,defend,4
334,gather,3
334,move,9
334,pass,3
334,reproduce,6
334,share,5
335,attack,5
335,defend,2
335,gather,2
335,move,7
335,pass,6
335,reproduce,8
335,share,7
336,attack,3
336,defend,3
336,gather,4
336,move,4
336,pass,8
336,reproduce,10
336,share,5
337,attack,5
337,defend,4
337,gather,5
337,move,8
337,pass,8
337,reproduce,4
337,share,3
338,attack,6
338,defend,6
338,gather,3
338,move,5
338,pass,2
338,reproduce,8
338,share,7
339,attack,6
339,defend,9
339,gather,5
339,move,4
339,pass,2
339,reproduce,8
339,share,3
340,attack,4
340,defend,8
340,gather,5
340,move,7
340,pass,2
340,reproduce,8
340,share,3
341,attack,10
341,defend,6
341,gather,5
341,move,5
341,pass,3
341,reproduce,2
341,share,6
342,attack,2
342,defend,4
342,gather,9
342,move,7
342,pass,5
342,reproduce,4
342,share,6
343,attack,5
343,defend,7
343,gather,5
343,move,4
343,pass,4
343,reproduce,6
343,share,6
344,attack,7
344,defend,4
344,gather,8
344,move,5
344,pass,2
344,reproduce,5
344,share,6
345,attack,8
345,defend,4
345,gather,1
345,move,8
345,pass,5
345,reproduce,6
345,share,3
346,attack,6
346,defend,6
346,gather,7
346,move,6
346,pass,5
346,reproduce,2
346,share,3
347,attack,10
347,defend,6
347,gather,5
347,move,3
347,pass,4
347,reproduce,4
347,share,3
348,attack,5
348,defend,3
348,gather,10
348,move,4
348,pass,5
348,reproduce,5
348,share,3
349,attack,5
349,defend,2
349,gather,2
349,move,8
349,pass,10
349,reproduce,5
349,share,3
350,attack,6
350,defend,2
350,gather,4
350,move,3
350,pass,8
350,reproduce,7
350,share,5
351,attack,9
351,defend,3
351,gather,3
351,move,6
351,pass,5
351,reproduce,4
351,share,5
352,attack,4
352,defend,5
352,gather,2
352,move,3
352,pass,13
352,reproduce,5
352,share,3
353,attack,5
353,defend,6
353,gather,6
353,move,5
353,pass,2
353,reproduce,5
353,share,6
354,attack,3
354,defend,6
354,gather,7
354,move,6
354,pass,4
354,reproduce,4
354,share,5
355,attack,3
355,defend,8
355,gather,4
355,move,7
355,pass,4
355,reproduce,4
355,share,5
356,attack,5
356,defend,7
356,gather,5
356,move,1
356,pass,11
356,reproduce,2
356,share,4
357,attack,7
357,defend,4
357,gather,7
357,move,6
357,pass,5
357,reproduce,1
357,share,3
358,attack,5
358,defend,8
358,gather,3
358,move,1
358,pass,11
358,reproduce,3
358,share,2
359,attack,9
359,defend,5
359,gather,5
359,move,2
359,pass,5
359,reproduce,3
359,share,4
360,attack,5
360,defend,6
360,gather,4
360,move,2
360,pass,4
360,reproduce,5
360,share,7
361,attack,5
361,defend,3
361,gather,4
361,move,5
361,pass,5
361,reproduce,7
361,share,4
362,attack,3
362,defend,6
362,gather,3
362,move,3
362,pass,9
362,reproduce,7
362,share,1
363,attack,4
363,defend,4
363,gather,5
363,move,6
363,pass,5
363,reproduce,7
363,share,1
364,attack,5
364,defend,1
364,gather,7
364,move,5
364,pass,3
364,reproduce,6
364,share,5
365,attack,4
365,defend,5
365,gather,5
365,move,3
365,pass,6
365,reproduce,1
365,share,8
366,defend,2
366,gather,5
366,move,7
366,pass,5
366,reproduce,4
366,share,9
367,attack,6
367,defend,7
367,gather,3
367,move,6
367,pass,4
367,reproduce,1
367,share,5
368,attack,5
368,defend,2
368,gather,8
368,move,5
368,pass,4
368,reproduce,2
368,share,6
369,attack,5
369,defend,8
369,gather,2
369,move,2
369,pass,4
369,reproduce,6
369,share,5
370,attack,3
370,defend,8
370,gather,6
370,move,6
370,pass,1
370,reproduce,4
370,share,4
371,attack,3
371,defend,3
371,gather,6
371,move,8
371,pass,5
371,reproduce,4
371,share,3
372,attack,6
372,defend,5
372,gather,3
372,move,7
372,pass,5
372,reproduce,3
372,share,3
373,attack,3
373,defend,3
373,gather,3
373,move,5
373,pass,5
373,reproduce,7
373,share,6
374,attack,1
374,defend,5
374,gather,7
374,move,4
374,pass,5
374,reproduce,5
374,share,5
375,attack,5
375,defend,5
375,gather,7
375,move,2
375,pass,5
375,reproduce,6
375,share,2
376,attack,1
376,defend,7
376,gather,6
376,move,3
376,pass,3
376,reproduce,5
376,share,7
377,attack,4
377,defend,2
377,gather,6
377,move,1
377,pass,5
377,reproduce,6
377,share,8
378,attack,3
378,defend,8
378,gather,3
378,move,2
378,pass,6
378,reproduce,7
378,share,3
379,attack,6
379,gather,4
379,move,8
379,pass,2
379,reproduce,8
379,share,3
380,attack,4
380,defend,5
380,gather,6
380,move,5
380,pass,5
380,reproduce,2
380,share,4
381,attack,5
381,defend,7
381,gather,7
381,move,1
381,pass,5
381,reproduce,4
381,share,2
382,attack,3
382,defend,8
382,gather,5
382,move,4
382,pass,7
382,reproduce,2
382,share,2
383,attack,6
383,defend,3
383,gather,2
383,move,5
383,pass,6
383,reproduce,6
383,share,2
384,attack,3
384,defend,4
384,gather,6
384,move,5
384,pass,8
384,reproduce,4
385,attack,5
385,defend,6
385,gather,2
385,move,2
385,pass,6
385,reproduce,4
385,share,5
386,attack,4
386,defend,4
386,move,7
386,pass,2
386,reproduce,5
386,share,8
387,attack,5
387,defend,2
387,gather,4
387,move,4
387,pass,5
387,reproduce,6
387,share,4
388,attack,4
388,defend,4
388,gather,3
388,move,4
388,pass,3
388,reproduce,7
388,share,5
389,attack,5
389,defend,1
389,gather,3
389,move,8
389,pass,5
389,reproduce,4
389,share,4
390,attack,2
390,defend,6
390,gather,5
390,move,3
390,pass,4
390,reproduce,5
390,share,5
391,attack,2
391,defend,3
391,gather,1
391,move,7
391,pass,2
391,reproduce,5
391,share,10
392,attack,3
392,defend,2
392,gather,3
392,move,7
392,pass,4
392,reproduce,3
392,share,8
393,attack,5
393,defend,2
393,gather,1
393,move,2
393,pass,7
393,reproduce,4
393,share,9
394,attack,8
394,gather,6
394,move,6
394,pass,6
394,reproduce,1
394,share,3
395,attack,2
395,defend,3
395,gather,3
395,move,4
395,pass,4
395,reproduce,3
395,share,11
396,attack,6
396,defend,6
396,gather,6
396,move,2
396,pass,4
396,reproduce,3
396,share,3
397,attack,4
397,defend,2
397,gather,5
397,move,5
397,pass,5
397,reproduce,3
397,share,6
398,attack,5
398,defend,3
398,gather,2
398,move,5
398,pass,3
398,reproduce,7
398,share,4
399,attack,4
399,defend,2
399,gather,7
399,move,6
399,pass,5
399,reproduce,3
399,share,3
400,attack,6
400,defend,5
400,gather,7
400,move,3
400,pass,3
400,reproduce,1
400,share,6
401,attack,4
401,defend,4
401,gather,5
401,move,5
401,pass,7
401,reproduce,2
401,share,4
402,attack,6
402,defend,2
402,gather,6
402,move,4
402,pass,6
402,reproduce,2
402,share,4
403,attack,1
403,defend,2
403,gather,3
403,move,6
403,pass,9
403,reproduce,6
403,share,3
404,attack,2
404,defend,6
404,move,3
404,pass,6
404,reproduce,8
404,share,5
405,attack,4
405,defend,5
405,gather,5
405,pass,6
405,reproduce,1
405,share,9
406,attack,4
406,defend,2
406,gather,7
406,move,4
406,pass,5
406,reproduce,2
406,share,6
407,attack,6
407,defend,5
407,gather,3
407,move,4
407,pass,5
407,reproduce,4
407,share,3
408,attack,6
408,defend,3
408,gather,4
408,move,6
408,pass,7
408,reproduce,4
409,attack,3
409,defend,3
409,gather,7
409,move,5
409,pass,7
409,reproduce,3
409,share,2
410,attack,5
410,defend,3
410,gather,10
410,move,6
410,pass,2
410,reproduce,3
410,share,1
411,attack,4
411,defend,3
411,gather,7
411,move,5
411,pass,4
411,share,7
412,attack,2
412,defend,7
412,gather,6
412,move,6
412,pass,2
412,reproduce,3
412,share,4
413,attack,7
413,defend,3
413,gather,5
413,move,4
413,pass,4
413,reproduce,2
413,share,5
414,attack,7
414,defend,2
414,gather,5
414,move,3
414,pass,6
414,reproduce,3
414,share,4
415,attack,6
415,defend,4
415,gather,5
415,move,2
415,pass,2
415,reproduce,8
415,share,3
416,attack,6
416,defend,5
416,gather,4
416,move,4
416,pass,3
416,reproduce,1
416,share,7
417,attack,4
417,defend,5
417,gather,4
417,move,2
417,pass,7
417,reproduce,4
417,share,4
418,attack,5
418,defend,3
418,gather,7
418,move,3
418,pass,5
418,reproduce,5
418,share,3
419,attack,7
419,defend,2
419,gather,3
419,move,7
419,pass,5
419,reproduce,2
419,share,5
420,attack,4
420,defend,10
420,gather,4
420,move,6
420,pass,2
420,reproduce,1
420,share,4
421,attack,7
421,defend,3
421,gather,5
421,move,6
421,pass,4
421,reproduce,4
421,share,2
422,attack,5
422,defend,4
422,gather,3
422,move,5
422,pass,5
422,reproduce,6
422,share,3
423,attack,7
423,defend,5
423,gather,4
423,move,2
423,pass,6
423,reproduce,2
423,share,5
424,attack,8
424,defend,2
424,gather,3
424,move,2
424,pass,4
424,reproduce,6
424,share,5
425,attack,4
425,defend,6
425,gather,1
425,move,6
425,pass,2
425,reproduce,2
425,share,8
426,attack,7
426,gather,5
426,move,8
426,pass,4
426,reproduce,2
426,share,3
427,attack,7
427,defend,5
427,gather,1
427,move,7
427,pass,3
427,reproduce,1
427,share,5
428,attack,4
428,defend,1
428,gather,5
428,move,4
428,pass,4
428,reproduce,4
428,share,7
429,attack,3
429,defend,6
429,gather,5
429,move,3
429,pass,2
429,reproduce,5
429,share,5
430,attack,4
430,defend,2
430,gather,7
430,move,5
430,pass,2
430,reproduce,5
430,share,3
431,attack,3
431,defend,6
431,gather,2
431,move,2
431,pass,5
431,reproduce,5
431,share,5
432,attack,3
432,defend,4
432,gather,4
432,move,4
432,pass,4
432,reproduce,4
432,share,5
433,attack,2
433,defend,6
433,gather,3
433,move,3
433,pass,4
433,reproduce,6
433,share,4
434,attack,7
434,defend,3
434,gather,5
434,move,2
434,pass,4
434,reproduce,4
434,share,3
435,attack,4
435,defend,3
435,gather,5
435,move,4
435,pass,3
435,reproduce,4
435,share,5
436,attack,5
436,defend,6
436,gather,3
436,move,4
436,pass,4
436,reproduce,5
436,share,1
437,attack,5
437,defend,2
437,gather,1
437,move,4
437,pass,5
437,reproduce,7
437,share,4
438,attack,4
438,defend,1
438,gather,4
438,move,7
438,pass,4
438,reproduce,5
438,share,4
439,attack,6
439,defend,2
439,gather,3
439,move,6
439,pass,3
439,reproduce,4
439,share,5
440,attack,6
440,defend,3
440,gather,2
440,move,3
440,pass,7
440,reproduce,4
440,share,4
441,attack,4
441,defend,4
441,gather,8
441,move,2
441,reproduce,5
441,share,5
442,attack,3
442,defend,4
442,gather,3
442,move,6
442,pass,5
442,reproduce,2
442,share,5
443,attack,2
443,defend,7
443,gather,2
443,move,3
443,pass,6
443,reproduce,3
443,share,5
444,defend,5
444,gather,6
444,move,2
444,pass,8
444,reproduce,6
444,share,1
445,attack,4
445,defend,3
445,gather,2
445,move,3
445,pass,5
445,reproduce,5
445,share,5
446,attack,4
446,defend,2
446,move,6
446,pass,3
446,reproduce,6
446,share,6
447,attack,2
447,defend,6
447,gather,5
447,move,6
447,pass,4
447,reproduce,3
447,share,1
448,attack,5
448,defend,5
448,gather,1
448,move,5
448,pass,4
448,reproduce,6
448,share,1
449,attack,4
449,defend,4
449,gather,1
449,move,3
449,pass,1
449,reproduce,4
449,share,9
450,attack,2
450,defend,5
450,gather,2
450,move,3
450,pass,8
450,reproduce,2
450,share,4
451,attack,4
451,defend,3
451,gather,3
451,move,2
451,pass,4
451,reproduce,4
451,share,6
452,attack,5
452,defend,3
452,gather,6
452,move,4
452,pass,4
452,reproduce,2
452,share,2
453,attack,5
453,defend,1
453,gather,4
453,move,5
453,pass,5
453,reproduce,4
453,share,2
454,attack,8
454,defend,5
454,gather,1
454,move,3
454,pass,3
454,reproduce,4
454,share,2
455,attack,3
455,defend,2
455,gather,5
455,move,6
455,reproduce,5
455,share,5
456,attack,5
456,defend,8
456,gather,5
456,move,2
456,pass,2
456,reproduce,2
456,share,2
457,attack,1
457,defend,1
457,gather,4
457,move,5
457,pass,5
457,reproduce,5
457,share,5
458,defend,3
458,gather,3
458,move,4
458,pass,7
458,reproduce,4
458,share,4
459,attack,4
459,defend,3
459,gather,2
459,move,9
459,pass,4
459,reproduce,1
459,share,2
460,attack,2
460,defend,2
460,gather,4
460,move,4
460,pass,3
460,reproduce,4
460,share,6
461,attack,4
461,defend,6
461,gather,3
461,move,1
461,pass,6
461,reproduce,3
461,share,2
462,attack,6
462,defend,4
462,gather,3
462,move,4
462,pass,3
462,reproduce,1
462,share,4
463,attack,2
463,defend,2
463,gather,4
463,move,5
463,pass,6
463,reproduce,4
463,share,2
464,attack,4
464,defend,4
464,gather,4
464,move,4
464,pass,1
464,reproduce,2
464,share,5
465,attack,5
465,defend,3
465,gather,4
465,move,3
465,pass,1
465,reproduce,5
465,share,3
466,attack,4
466,defend,3
466,gather,3
466,pass,2
466,reproduce,7
466,share,5
467,attack,8
467,defend,5
467,gather,3
467,move,2
467,pass,2
467,reproduce,2
467,share,2
468,attack,1
468,defend,6
468,gather,8
468,move,2
468,pass,3
468,reproduce,2
468,share,2
469,attack,4
469,defend,3
469,gather,2
469,move,4
469,pass,2
469,reproduce,2
469,share,7
470,attack,3
470,defend,6
470,gather,4
470,move,1
470,pass,2
470,reproduce,3
470,share,5
471,attack,5
471,defend,4
471,gather,4
471,move,5
471,pass,2
471,reproduce,3
471,share,1
472,attack,3
472,defend,2
472,gather,6
472,move,3
472,pass,4
472,reproduce,3
472,share,3
473,attack,5
473,defend,2
473,gather,2
473,move,6
473,pass,3
473,reproduce,2
473,share,3
474,attack,3
474,defend,3
474,gather,5
474,move,5
474,pass,2
474,reproduce,2
474,share,3
475,attack,1
475,defend,5
475,gather,3
475,move,1
475,pass,4
475,reproduce,4
475,share,5
476,attack,2
476,defend,1
476,gather,3
476,move,5
476,pass,4
476,reproduce,4
476,share,5
477,attack,6
477,defend,2
477,gather,5
477,move,2
477,pass,2
477,reproduce,2
477,share,5
478,attack,5
478,defend,6
478,gather,3
478,move,4
478,pass,4
478,reproduce,1
478,share,1
479,attack,5
479,defend,5
479,gather,3
479,move,3
479,pass,2
479,reproduce,4
479,share,2
480,attack,5
480,defend,2
480,gather,4
480,move,2
480,pass,4
480,reproduce,5
480,share,2
481,attack,2
481,defend,4
481,gather,6
481,move,3
481,pass,4
481,reproduce,3
481,share,2
482,attack,3
482,defend,5
482,gather,1
482,move,6
482,pass,4
482,reproduce,2
482,share,3
483,attack,3
483,defend,5
483,gather,2
483,move,5
483,pass,2
483,reproduce,4
483,share,3
484,attack,3
484,defend,3
484,gather,4
484,move,7
484,pass,1
484,reproduce,5
484,share,1
485,attack,5
485,defend,2
485,gather,4
485,move,4
485,pass,4
485,reproduce,2
485,share,3
486,attack,2
486,defend,3
486,gather,3
486,move,3
486,pass,3
486,reproduce,5
486,share,5
487,attack,5
487,defend,4
487,gather,2
487,move,1
487,pass,3
487,reproduce,5
487,share,5
488,attack,4
488,defend,5
488,gather,2
488,move,3
488,pass,2
488,reproduce,3
488,share,7
489,attack,7
489,defend,4
489,gather,8
489,move,1
489,pass,2
489,reproduce,1
489,share,4
490,attack,4
490,defend,4
490,gather,3
490,move,3
490,pass,7
490,reproduce,4
490,share,2
491,attack,2
491,defend,3
491,gather,4
491,move,4
491,pass,5
491,reproduce,7
491,share,3
492,attack,4
492,defend,6
492,gather,5
492,move,3
492,pass,2
492,reproduce,3
492,share,5
493,attack,2
493,defend,7
493,gather,4
493,move,3
493,pass,6
493,reproduce,3
493,share,3
494,attack,3
494,defend,3
494,gather,4
494,move,4
494,pass,4
494,reproduce,6
494,share,4
495,attack,4
495,defend,4
495,gather,5
495,move,6
495,pass,3
495,reproduce,4
495,share,2
496,attack,3
496,defend,5
496,gather,5
496,move,3
496,pass,5
496,reproduce,2
496,share,5
497,attack,1
497,defend,2
497,gather,8
497,move,8
497,pass,1
497,reproduce,5
497,share,3
498,attack,1
498,defend,1
498,gather,5
498,move,5
498,pass,7
498,reproduce,4
498,share,5
499,attack,3
499,defend,5
499,move,8
499,pass,6
499,reproduce,1
499,share,5
500,attack,7
500,defend,1
500,gather,1
500,move,3
500,pass,4
500,reproduce,5
500,share,8
501,attack,4
501,defend,5
501,gather,3
501,move,2
501,pass,4
501,reproduce,4
501,share,7
502,attack,5
502,defend,5
502,gather,6
502,move,6
502,pass,2
502,reproduce,2
502,share,3
503,attack,5
503,defend,5
503,gather,3
503,move,5
503,pass,3
503,reproduce,2
503,share,6
504,attack,7
504,defend,8
504,gather,3
504,move,3
504,pass,3
504,reproduce,2
504,share,3
505,attack,4
505,defend,6
505,gather,4
505,move,4
505,pass,2
505,reproduce,4
505,share,5
506,attack,2
506,defend,4
506,gather,4
506,move,2
506,pass,4
506,reproduce,6
506,share,7
507,attack,4
507,defend,3
507,gather,8
507,move,3
507,pass,5
507,reproduce,2
507,share,4
508,attack,2
508,gather,7
508,move,3
508,pass,8
508,reproduce,3
508,share,6
509,attack,2
509,defend,2
509,gather,6
509,move,7
509,pass,4
509,reproduce,4
509,share,4
510,attack,4
510,defend,2
510,gather,5
510,move,3
510,pass,6
510,reproduce,5
510,share,4
511,attack,3
511,defend,3
511,gather,3
511,move,5
511,pass,9
511,reproduce,4
511,share,2
512,attack,4
512,defend,2
512,gather,3
512,move,7
512,pass,5
512,reproduce,5
512,share,3
513,attack,4
513,defend,5
513,gather,4
513,move,2
513,pass,7
513,reproduce,3
513,share,4
514,attack,6
514,defend,4
514,gather,3
514,move,4
514,pass,4
514,reproduce,5
514,share,3
515,attack,8
515,defend,5
515,gather,3
515,move,3
515,pass,4
515,reproduce,6
515,share,1
516,attack,6
516,defend,5
516,gather,5
516,move,3
516,pass,5
516,reproduce,2
516,share,5
517,attack,5
517,defend,4
517,gather,6
517,move,3
517,pass,5
517,reproduce,5
517,share,3
518,attack,5
518,defend,6
518,gather,1
518,move,5
518,pass,4
518,reproduce,8
518,share,3
519,attack,7
519,defend,4
519,gather,4
519,move,7
519,pass,3
519,reproduce,6
519,share,1
520,attack,3
520,defend,6
520,gather,8
520,move,5
520,pass,6
520,reproduce,2
520,share,2
521,attack,8
521,defend,6
521,gather,7
521,move,1
521,pass,3
521,reproduce,5
521,share,2
522,attack,3
522,gather,9
522,move,5
522,pass,6
522,reproduce,8
522,share,1
523,attack,4
523,defend,4
523,gather,8
523,move,3
523,pass,5
523,reproduce,5
523,share,4
524,attack,6
524,defend,6
524,gather,2
524,move,5
524,pass,3
524,reproduce,4
524,share,7
525,attack,4
525,defend,3
525,gather,4
525,move,3
525,pass,9
525,reproduce,5
525,share,6
526,attack,5
526,defend,4
526,gather,9
526,move,4
526,pass,4
526,reproduce,7
526,share,1
527,attack,7
527,defend,2
527,gather,4
527,move,4
527,pass,4
527,reproduce,6
527,share,8
528,attack,8
528,defend,3
528,gather,7
528,move,3
528,pass,2
528,reproduce,7
528,share,6
529,attack,2
529,defend,9
529,gather,4
529,move,9
529,pass,7
529,reproduce,4
529,share,1
530,attack,6
530,defend,7
530,gather,8
530,move,4
530,pass,2
530,reproduce,3
530,share,6
531,attack,4
531,defend,5
531,gather,6
531,move,6
531,pass,4
531,reproduce,6
531,share,5
532,attack,6
532,defend,2
532,gather,5
532,move,6
532,pass,5
532,reproduce,5
532,share,8
533,attack,8
533,defend,5
533,gather,5
533,move,6
533,pass,7
533,reproduce,4
533,share,3
534,attack,7
534,defend,8
534,gather,5
534,move,5
534,pass,6
534,reproduce,5
534,share,2
535,attack,6
535,defend,6
535,gather,4
535,move,5
535,pass,8
535,reproduce,5
535,share,4
536,attack,6
536,defend,5
536,gather,4
536,move,5
536,pass,6
536,reproduce,6
536,share,6
537,attack,6
537,defend,5
537,gather,8
537,move,8
537,pass,7
537,reproduce,4
537,share,1
538,attack,3
538,defend,6
538,gather,3
538,move,6
538,pass,8
538,reproduce,8
538,share,5
539,attack,6
539,defend,3
539,gather,13
539,move,1
539,pass,5
539,reproduce,7
539,share,5
540,attack,5
540,defend,6
540,gather,4
540,move,6
540,pass,5
540,reproduce,4
540,share,10
541,attack,4
541,defend,7
541,gather,8
541,move,5
541,pass,8
541,reproduce,4
541,share,4
542,attack,7
542,defend,8
542,gather,7
542,move,4
542,pass,2
542,reproduce,5
542,share,7
543,attack,7
543,defend,3
543,gather,9
543,move,4
543,pass,7
543,reproduce,5
543,share,5
544,attack,7
544,defend,5
544,gather,7
544,move,1
544,pass,7
544,reproduce,6
544,share,7
545,attack,3
545,defend,5
545,gather,5
545,move,13
545,pass,4
545,reproduce,5
545,share,5
546,attack,4
546,defend,5
546,gather,7
546,move,7
546,pass,5
546,reproduce,3
546,share,9
547,attack,9
547,defend,4
547,gather,2
547,move,7
547,pass,6
547,reproduce,6
547,share,6
548,attack,4
548,defend,6
548,gather,2
548,move,10
548,pass,4
548,reproduce,8
548,share,6
549,attack,10
549,defend,6
549,gather,6
549,move,2
549,pass,6
549,reproduce,6
549,share,4
550,attack,2
550,defend,8
550,gather,5
550,move,6
550,pass,6
550,reproduce,4
550,share,10
551,attack,5
551,defend,8
551,gather,6
551,move,7
551,pass,5
551,reproduce,4
551,share,6
552,attack,5
552,defend,7
552,gather,9
552,move,5
552,pass,6
552,reproduce,8
552,share,2
553,attack,9
553,defend,8
553,gather,3
553,move,9
553,pass,4
553,reproduce,4
553,share,5
554,attack,9
554,defend,4
554,gather,8
554,move,4
554,pass,8
554,reproduce,4
554,share,5
555,attack,6
555,defend,7
555,gather,3
555,move,4
555,pass,7
555,reproduce,6
555,share,9
556,attack,7
556,defend,8
556,gather,5
556,move,7
556,pass,4
556,reproduce,6
556,share,5
557,attack,4
557,defend,6
557,gather,6
557,move,11
557,pass,7
557,reproduce,3
557,share,5
558,attack,6
558,defend,6
558,gather,9
558,move,6
558,pass,6
558,reproduce,4
558,share,4
559,attack,5
559,defend,7
559,gather,6
559,move,3
559,pass,8
559,reproduce,7
559,share,5
560,attack,6
560,defend,7
560,gather,9
560,move,2
560,pass,3
560,reproduce,4
560,share,10
561,attack,3
561,defend,5
561,gather,3
561,move,14
561,pass,4
561,reproduce,7
561,share,5
562,attack,3
562,defend,9
562,gather,5
562,move,7
562,pass,5
562,reproduce,5
562,share,7
563,attack,11
563,defend,3
563,gather,5
563,move,6
563,pass,4
563,reproduce,8
563,share,4
564,attack,6
564,defend,8
564,gather,5
564,move,4
564,pass,6
564,reproduce,4
564,share,8
565,attack,5
565,defend,6
565,gather,8
565,move,8
565,pass,4
565,reproduce,4
565,share,6
566,attack,6
566,defend,4
566,gather,6
566,move,4
566,pass,9
566,reproduce,8
566,share,4
567,attack,6
567,defend,6
567,gather,5
567,move,4
567,pass,8
567,reproduce,3
567,share,9
568,attack,5
568,defend,3
568,gather,7
568,move,5
568,pass,8
568,reproduce,9
568,share,4
569,attack,9
569,defend,6
569,gather,7
569,move,4
569,pass,5
569,reproduce,6
569,share,4
570,attack,6
570,defend,1
570,gather,8
570,move,7
570,pass,8
570,reproduce,8
570,share,3
571,attack,7
571,defend,6
571,gather,6
571,move,6
571,pass,9
571,reproduce,5
571,share,3
572,attack,7
572,defend,8
572,gather,4
572,move,8
572,pass,5
572,reproduce,5
572,share,5
573,attack,4
573,defend,4
573,gather,10
573,move,7
573,pass,2
573,reproduce,5
573,share,10
574,attack,3
574,defend,9
574,gather,7
574,move,6
574,pass,6
574,reproduce,3
574,share,8
575,attack,4
575,defend,6
575,gather,6
575,move,7
575,pass,7
575,reproduce,6
575,share,6
576,attack,5
576,defend,4
576,gather,13
576,move,2
576,pass,9
576,reproduce,4
576,share,5
577,attack,11
577,defend,10
577,gather,4
577,move,4
577,pass,4
577,reproduce,4
577,share,5
578,attack,2
578,defend,6
578,gather,9
578,move,7
578,pass,5
578,reproduce,6
578,share,7
579,attack,6
579,defend,4
579,gather,4
579,move,6
579,pass,11
579,reproduce,4
579,share,7
580,attack,9
580,defend,4
580,gather,4
580,move,5
580,pass,10
580,reproduce,6
580,share,4
581,attack,7
581,defend,5
581,gather,8
581,move,6
581,pass,7
581,reproduce,2
581,share,7
582,attack,4
582,defend,6
582,gather,8
582,move,5
582,pass,7
582,reproduce,5
582,share,7
583,attack,4
583,defend,3
583,gather,10
583,move,6
583,pass,8
583,reproduce,6
583,share,6
584,attack,3
584,defend,8
584,gather,6
584,move,6
584,pass,10
584,reproduce,3
584,share,7
585,attack,7
585,defend,7
585,gather,3
585,move,6
585,pass,4
585,reproduce,10
585,share,6
586,attack,5
586,defend,7
586,gather,4
586,move,6
586,pass,9
586,reproduce,5
586,share,7
587,attack,2
587,defend,8
587,gather,6
587,move,8
587,pass,3
587,reproduce,9
587,share,7
588,attack,6
588,defend,8
588,gather,5
588,move,3
588,pass,7
588,reproduce,7
588,share,8
589,attack,7
589,defend,10
589,gather,6
589,move,7
589,pass,4
589,reproduce,5
589,share,5
590,attack,9
590,defend,2
590,gather,7
590,move,6
590,pass,4
590,reproduce,8
590,share,8
591,attack,7
591,defend,11
591,gather,6
591,move,3
591,pass,7
591,reproduce,4
591,share,6
592,attack,13
592,defend,5
592,gather,7
592,move,6
592,pass,6
592,reproduce,3
592,share,4
593,attack,6
593,defend,11
593,gather,8
593,move,3
593,pass,4
593,reproduce,5
593,share,7
594,attack,8
594,defend,4
594,gather,7
594,move,6
594,pass,9
594,reproduce,6
594,share,4
595,attack,5
595,defend,6
595,gather,4
595,move,7
595,pass,7
595,reproduce,7
595,share,8
596,attack,7
596,defend,3
596,gather,10
596,move,9
596,pass,5
596,reproduce,3
596,share,7
597,attack,2
597,defend,8
597,gather,7
597,move,9
597,pass,6
597,reproduce,7
597,share,5
598,attack,6
598,defend,4
598,gather,1
598,move,7
598,pass,4
598,reproduce,12
598,share,10
599,attack,10
599,defend,8
599,gather,7
599,move,9
599,pass,1
599,reproduce,7
599,share,2
600,attack,5
600,defend,4
600,gather,5
600,move,10
600,pass,5
600,reproduce,8
600,share,7
601,attack,5
601,defend,11
601,gather,7
601,move,4
601,pass,3
601,reproduce,11
601,share,3
602,attack,5
602,defend,5
602,gather,4
602,move,15
602,pass,6
602,reproduce,8
602,share,2
603,attack,7
603,defend,9
603,gather,5
603,move,8
603,pass,8
603,reproduce,5
603,share,3
604,attack,7
604,defend,4
604,gather,4
604,move,5
604,pass,12
604,reproduce,11
604,share,2
605,attack,6
605,defend,6
605,gather,4
605,move,8
605,pass,5
605,reproduce,5
605,share,11
606,attack,6
606,defend,8
606,gather,6
606,move,7
606,pass,8
606,reproduce,3
606,share,8
607,attack,6
607,defend,9
607,gather,7
607,move,5
607,pass,6
607,reproduce,6
607,share,7
608,attack,10
608,defend,7
608,gather,8
608,move,7
608,pass,7
608,reproduce,4
608,share,3
609,attack,2
609,defend,7
609,gather,8
609,move,11
609,pass,2
609,reproduce,6
609,share,10
610,attack,7
610,defend,11
610,gather,5
610,move,5
610,pass,4
610,reproduce,8
610,share,5
611,attack,5
611,defend,11
611,gather,7
611,move,10
611,pass,5
611,reproduce,3
611,share,5
612,attack,6
612,defend,7
612,gather,6
612,move,6
612,pass,6
612,reproduce,6
612,share,9
613,attack,6
613,defend,7
613,gather,7
613,move,6
613,pass,6
613,reproduce,7
613,share,7
614,attack,6
614,defend,7
614,gather,8
614,move,5
614,pass,4
614,reproduce,7
614,share,9
615,attack,3
615,defend,12
615,gather,11
615,move,5
615,pass,4
615,reproduce,6
615,share,5
616,attack,4
616,defend,7
616,gather,4
616,move,9
616,pass,3
616,reproduce,7
616,share,12
617,attack,5
617,defend,6
617,gather,7
617,move,8
617,pass,6
617,reproduce,8
617,share,6
618,attack,7
618,defend,7
618,gather,7
618,move,5
618,pass,6
618,reproduce,5
618,share,9
619,attack,7
619,defend,3
619,gather,7
619,move,4
619,pass,6
619,reproduce,10
619,share,9
620,attack,5
620,defend,10
620,gather,3
620,move,7
620,pass,8
620,reproduce,7
620,share,6
621,attack,8
621,defend,6
621,gather,5
621,move,7
621,pass,6
621,reproduce,9
621,share,5
622,attack,5
622,defend,7
622,gather,4
622,move,7
622,pass,9
622,reproduce,8
622,share,6
623,attack,7
623,defend,5
623,gather,4
623,move,4
623,pass,11
623,reproduce,9
623,share,7
624,attack,8
624,defend,11
624,gather,6
624,move,8
624,pass,7
624,reproduce,5
624,share,2
625,attack,6
625,defend,6
625,gather,5
625,move,9
625,pass,7
625,reproduce,7
625,share,7
626,attack,2
626,defend,10
626,gather,7
626,move,6
626,pass,8
626,reproduce,8
626,share,6
627,attack,6
627,defend,3
627,gather,10
627,move,9
627,pass,7
627,reproduce,5
627,share,7
628,attack,6
628,defend,6
628,gather,9
628,move,7
628,pass,6
628,reproduce,6
628,share,7
629,attack,10
629,defend,5
629,gather,11
629,move,4
629,pass,3
629,reproduce,7
629,share,7
630,attack,10
630,defend,7
630,gather,6
630,move,6
630,pass,7
630,reproduce,6
630,share,5
631,attack,7
631,defend,3
631,gather,5
631,move,11
631,pass,6
631,reproduce,10
631,share,6
632,attack,2
632,defend,6
632,gather,6
632,move,4
632,pass,14
632,reproduce,12
632,share,3
633,attack,10
633,defend,6
633,gather,8
633,move,4
633,pass,8
633,reproduce,4
633,share,7
634,attack,8
634,defend,7
634,gather,7
634,move,7
634,pass,8
634,reproduce,5
634,share,5
635,attack,5
635,defend,6
635,gather,7
635,move,6
635,pass,5
635,reproduce,8
635,share,10
636,attack,5
636,defend,10
636,gather,4
636,move,4
636,pass,9
636,reproduce,6
636,share,8
637,attack,1
637,defend,12
637,gather,7
637,move,5
637,pass,6
637,reproduce,8
637,share,7
638,attack,9
638,defend,6
638,gather,4
638,move,11
638,pass,3
638,reproduce,7
638,share,7
639,attack,5
639,defend,8
639,gather,3
639,move,9
639,pass,6
639,reproduce,7
639,share,9
640,attack,5
640,defend,3
640,gather,7
640,move,7
640,pass,8
640,reproduce,9
640,share,8
641,attack,4
641,defend,3
641,gather,4
641,move,11
641,pass,9
641,reproduce,7
641,share,9
642,attack,8
642,defend,3
642,gather,5
642,move,9
642,reproduce,11
642,share,11
643,attack,5
643,defend,7
643,gather,9
643,move,8
643,pass,6
643,reproduce,8
643,share,4
644,attack,14
644,defend,4
644,gather,13
644,move,5
644,pass,2
644,reproduce,4
644,share,5
645,attack,8
645,defend,6
645,gather,7
645,move,5
645,pass,11
645,reproduce,4
645,share,6
646,attack,8
646,defend,3
646,gather,5
646,move,13
646,pass,5
646,reproduce,7
646,share,6
647,attack,5
647,defend,4
647,gather,10
647,move,6
647,pass,11
647,reproduce,6
647,share,3
648,attack,5
648,defend,6
648,gather,3
648,move,12
648,pass,6
648,reproduce,6
648,share,7
649,attack,6
649,defend,2
649,gather,8
649,move,8
649,pass,7
649,reproduce,8
649,share,6
650,attack,7
650,defend,6
650,gather,6
650,move,9
650,pass,5
650,reproduce,5
650,share,7
651,attack,10
651,defend,5
651,gather,9
651,move,3
651,pass,10
651,reproduce,3
651,share,4
652,attack,5
652,defend,7
652,gather,3
652,move,12
652,pass,3
652,reproduce,7
652,share,7
653,attack,9
653,defend,8
653,gather,2
653,move,4
653,pass,8
653,reproduce,7
653,share,6
654,attack,5
654,defend,7
654,gather,6
654,move,7
654,pass,4
654,reproduce,12
654,share,3
655,attack,11
655,defend,7
655,gather,6
655,move,5
655,pass,2
655,reproduce,7
655,share,5
656,attack,8
656,defend,2
656,gather,7
656,move,6
656,pass,4
656,reproduce,8
656,share,8
657,attack,4
657,defend,8
657,gather,12
657,move,6
657,pass,4
657,reproduce,4
657,share,4
658,attack,12
658,defend,4
658,gather,5
658,move,5
658,pass,8
658,reproduce,4
658,share,4
659,attack,2
659,defend,7
659,gather,7
659,move,6
659,pass,9
659,reproduce,7
659,share,4
660,attack,3
660,defend,7
660,gather,6
660,move,11
660,pass,4
660,reproduce,5
660,share,6
661,attack,5
661,defend,5
661,gather,7
661,move,1
661,pass,7
661,reproduce,9
661,share,8
662,attack,9
662,defend,5
662,gather,7
662,move,7
662,pass,4
662,reproduce,7
662,share,3
663,attack,9
663,defend,6
663,gather,3
663,move,4
663,pass,10
663,reproduce,5
663,share,4
664,attack,4
664,defend,5
664,gather,4
664,move,7
664,pass,6
664,reproduce,9
664,share,6
665,attack,6
665,defend,2
665,gather,7
665,move,6
665,pass,6
665,reproduce,10
665,share,4
666,attack,3
666,defend,10
666,gather,4
666,move,9
666,pass,2
666,reproduce,8
666,share,6
667,attack,4
667,defend,4
667,gather,4
667,move,6
667,pass,7
667,reproduce,8
667,share,9
668,attack,5
668,defend,2
668,gather,6
668,move,6
668,pass,8
668,reproduce,5
668,share,10
669,attack,7
669,defend,6
669,gather,4
669,move,6
669,pass,5
669,reproduce,7
669,share,6
670,attack,2
670,defend,10
670,gather,6
670,move,8
670,pass,7
670,reproduce,4
670,share,4
671,attack,5
671,defend,6
671,gather,7
671,move,6
671,pass,3
671,reproduce,5
671,share,9
672,attack,7
672,defend,7
672,gather,6
672,move,2
672,pass,8
672,reproduce,4
672,share,6
673,attack,6
673,defend,10
673,gather,7
673,move,6
673,pass,4
673,reproduce,5
673,share,2
674,attack,9
674,defend,6
674,gather,4
674,move,5
674,pass,7
674,reproduce,4
674,share,5
675,attack,5
675,defend,11
675,gather,5
675,move,3
675,pass,1
675,reproduce,2
675,share,13
676,attack,10
676,defend,9
676,gather,3
676,move,5
676,pass,3
676,reproduce,4
676,share,6
677,attack,7
677,defend,10
677,gather,5
677,move,6
677,pass,4
677,reproduce,4
677,share,3
678,attack,4
678,defend,9
678,gather,4
678,move,7
678,pass,2
678,reproduce,7
678,share,6
679,attack,7
679,defend,3
679,gather,6
679,move,8
679,pass,8
679,reproduce,3
679,share,4
680,attack,3
680,defend,5
680,gather,6
680,move,3
680,pass,8
680,reproduce,5
680,share,9
681,attack,7
681,defend,3
681,gather,3
681,move,8
681,pass,6
681,reproduce,7
681,share,5
682,attack,7
682,defend,3
682,gather,5
682,move,6
682,pass,7
682,reproduce,8
682,share,3
683,attack,8
683,defend,9
683,gather,6
683,move,4
683,pass,6
683,reproduce,3
683,share,3
684,attack,2
684,defend,5
684,gather,5
684,move,4
684,pass,13
684,reproduce,5
684,share,3
685,attack,6
685,defend,2
685,gather,6
685,move,5
685,pass,5
685,reproduce,7
685,share,7
686,attack,12
686,defend,4
686,gather,2
686,move,1
686,pass,7
686,reproduce,4
686,share,8
687,attack,9
687,defend,3
687,gather,4
687,move,4
687,pass,7
687,reproduce,7
687,share,3
688,attack,6
688,defend,4
688,gather,6
688,move,7
688,pass,5
688,reproduce,5
688,share,4
689,attack,5
689,defend,8
689,gather,4
689,move,3
689,pass,3
689,reproduce,6
689,share,8
690,attack,3
690,defend,9
690,gather,4
690,move,3
690,pass,6
690,reproduce,5
690,share,6
691,attack,6
691,defend,4
691,gather,9
691,move,3
691,pass,2
691,reproduce,5
691,share,7
692,attack,9
692,defend,5
692,gather,5
692,move,1
692,pass,7
692,reproduce,7
692,share,2
693,attack,4
693,defend,3
693,gather,11
693,move,2
693,pass,9
693,reproduce,6
693,share,1
694,attack,4
694,defend,6
694,gather,5
694,move,6
694,pass,6
694,reproduce,4
694,share,5
695,attack,5
695,defend,5
695,gather,9
695,move,7
695,pass,3
695,reproduce,3
695,share,3
696,attack,7
696,defend,1
696,gather,2
696,move,8
696,pass,4
696,reproduce,4
696,share,9
697,attack,7
697,defend,4
697,gather,6
697,move,3
697,pass,7
697,reproduce,3
697,share,5
698,attack,7
698,defend,5
698,gather,5
698,move,5
698,pass,6
698,reproduce,3
698,share,4
699,attack,2
699,defend,7
699,gather,7
699,move,4
699,pass,6
699,reproduce,7
699,share,2
700,attack,3
700,defend,4
700,gather,5
700,move,3
700,pass,3
700,reproduce,8
700,share,9
701,attack,5
701,defend,9
701,gather,3
701,move,6
701,pass,7
701,reproduce,2
701,share,3
702,attack,5
702,defend,6
702,gather,7
702,move,6
702,pass,4
702,reproduce,5
702,share,2
703,attack,5
703,defend,5
703,gather,4
703,move,6
703,pass,7
703,reproduce,3
703,share,4
704,attack,4
704,defend,7
704,gather,5
704,move,8
704,pass,7
704,reproduce,2
704,share,2
705,attack,4
705,defend,6
705,gather,3
705,move,5
705,pass,5
705,reproduce,7
705,share,5
706,attack,3
706,defend,8
706,gather,4
706,move,6
706,pass,3
706,reproduce,5
706,share,6
707,attack,5
707,defend,6
707,gather,4
707,move,6
707,pass,5
707,reproduce,3
707,share,6
708,attack,4
708,defend,4
708,gather,5
708,move,7
708,pass,5
708,reproduce,5
708,share,5
709,attack,4
709,defend,6
709,gather,3
709,move,5
709,pass,7
709,reproduce,7
709,share,3
710,attack,7
710,defend,7
710,gather,2
710,move,4
710,pass,6
710,reproduce,3
710,share,7
711,attack,4
711,defend,8
711,gather,7
711,move,5
711,pass,2
711,reproduce,5
711,share,5
712,attack,4
712,defend,6
712,gather,5
712,move,8
712,pass,5
712,reproduce,3
712,share,4
713,attack,6
713,defend,5
713,gather,5
713,move,8
713,pass,3
713,reproduce,3
713,share,5
714,attack,5
714,defend,7
714,gather,2
714,move,5
714,pass,6
714,reproduce,4
714,share,6
715,attack,7
715,defend,5
715,gather,5
715,move,1
715,pass,9
715,reproduce,5
715,share,3
716,attack,6
716,defend,5
716,gather,6
716,move,7
716,pass,8
716,share,3
717,attack,6
717,defend,5
717,gather,6
717,move,4
717,pass,7
717,reproduce,4
717,share,3
718,attack,5
718,defend,3
718,gather,8
718,move,4
718,pass,3
718,reproduce,7
718,share,4
719,attack,4
719,defend,4
719,gather,4
719,move,6
719,pass,5
719,reproduce,4
719,share,7
720,attack,6
720,defend,3
720,gather,7
720,move,3
720,pass,6
720,reproduce,5
720,share,4
721,attack,3
721,defend,7
721,gather,6
721,move,4
721,pass,6
721,reproduce,5
721,share,3
722,attack,10
722,defend,4
722,gather,2
722,move,1
722,pass,4
722,reproduce,7
722,share,6
723,attack,3
723,defend,4
723,gather,2
723,move,5
723,pass,6
723,reproduce,9
723,share,5
724,attack,4
724,defend,5
724,gather,7
724,move,4
724,pass,7
724,reproduce,5
724,share,2
725,attack,3
725,defend,7
725,gather,4
725,move,5
725,pass,5
725,reproduce,7
725,share,3
726,attack,6
726,defend,5
726,gather,5
726,move,2
726,pass,3
726,reproduce,9
726,share,5
727,attack,4
727,defend,7
727,gather,7
727,move,3
727,pass,5
727,reproduce,7
727,share,2
728,attack,7
728,defend,6
728,gather,5
728,move,4
728,pass,3
728,reproduce,5
728,share,4
729,attack,2
729,defend,6
729,gather,6
729,move,7
729,pass,4
729,reproduce,5
729,share,4
730,attack,2
730,defend,8
730,gather,1
730,move,6
730,pass,5
730,reproduce,5
730,share,7
731,attack,4
731,defend,7
731,gather,4
731,move,6
731,pass,3
731,reproduce,6
731,share,4
732,attack,3
732,defend,5
732,gather,7
732,move,7
732,pass,2
732,reproduce,5
732,share,5
733,attack,4
733,defend,6
733,gather,4
733,move,2
733,pass,7
733,reproduce,8
733,share,3
734,attack,1
734,defend,5
734,gather,6
734,move,5
734,pass,5
734,reproduce,4
734,share,7
735,attack,5
735,defend,2
735,gather,2
735,move,6
735,pass,7
735,reproduce,6
735,share,5
736,attack,4
736,defend,2
736,move,5
736,pass,4
736,reproduce,11
736,share,7
737,attack,5
737,defend,3
737,gather,4
737,move,5
737,pass,5
737,reproduce,4
737,share,7
738,attack,5
738,defend,2
738,gather,7
738,move,4
738,pass,7
738,reproduce,5
738,share,3
739,attack,6
739,defend,2
739,gather,5
739,move,9
739,pass,4
739,reproduce,5
739,share,2
740,attack,3
740,defend,7
740,gather,5
740,move,3
740,pass,3
740,reproduce,4
740,share,8
741,attack,5
741,defend,3
741,gather,7
741,move,2
741,pass,2
741,reproduce,6
741,share,8
742,attack,6
742,defend,4
742,gather,4
742,move,3
742,pass,6
742,reproduce,5
742,share,5
743,attack,4
743,defend,7
743,gather,4
743,move,5
743,pass,4
743,reproduce,3
743,share,6
744,attack,2
744,defend,4
744,gather,4
744,move,5
744,pass,8
744,reproduce,4
744,share,6
745,attack,4
745,defend,6
745,gather,4
745,move,6
745,pass,4
745,reproduce,2
745,share,7
746,attack,2
746,defend,8
746,gather,4
746,move,6
746,pass,6
746,reproduce,2
746,share,5
747,attack,4
747,defend,9
747,gather,1
747,move,2
747,pass,8
747,reproduce,3
747,share,5
748,attack,5
748,defend,5
748,gather,5
748,move,4
748,pass,7
748,reproduce,4
748,share,3
749,attack,5
749,defend,8
749,gather,5
749,move,3
749,pass,3
749,reproduce,4
749,share,5
750,attack,3
750,defend,6
750,gather,3
750,move,5
750,pass,3
750,reproduce,9
750,share,5
751,attack,1
751,defend,4
751,gather,6
751,move,6
751,pass,3
751,reproduce,6
751,share,8
752,attack,4
752,defend,2
752,gather,7
752,move,2
752,pass,9
752,reproduce,3
752,share,7
753,attack,6
753,defend,2
753,gather,5
753,move,5
753,pass,8
753,reproduce,5
753,share,2
754,attack,5
754,defend,3
754,gather,4
754,move,3
754,pass,7
754,reproduce,4
754,share,7
755,attack,6
755,defend,4
755,gather,5
755,move,5
755,pass,7
755,reproduce,1
755,share,4
756,attack,6
756,gather,8
756,move,5
756,pass,4
756,reproduce,2
756,share,7
757,attack,3
757,defend,1
757,gather,7
757,move,3
757,pass,4
757,reproduce,5
757,share,9
758,attack,5
758,defend,3
758,gather,2
758,move,1
758,pass,5
758,reproduce,5
758,share,11
759,attack,2
759,defend,7
759,gather,5
759,move,1
759,pass,4
759,reproduce,3
759,share,10
760,attack,6
760,defend,5
760,gather,7
760,move,5
760,pass,5
760,reproduce,3
760,share,2
761,attack,4
761,defend,3
761,gather,3
761,move,4
761,pass,4
761,reproduce,6
761,share,9
762,attack,5
762,defend,5
762,gather,5
762,move,5
762,pass,2
762,reproduce,8
762,share,3
763,attack,6
763,defend,6
763,gather,1
763,move,3
763,pass,3
763,reproduce,6
763,share,8
764,attack,5
764,defend,4
764,gather,3
764,move,6
764,pass,5
764,reproduce,6
764,share,4
765,attack,3
765,defend,3
765,gather,4
765,move,9
765,pass,5
765,reproduce,6
765,share,2
766,attack,8
766,defend,6
766,gather,3
766,move,7
766,pass,4
766,reproduce,2
766,share,2
767,attack,2
767,defend,7
767,gather,6
767,move,8
767,pass,3
767,reproduce,4
767,share,2
768,attack,5
768,defend,4
768,gather,2
768,move,6
768,pass,5
768,reproduce,4
768,share,6
769,attack,2
769,defend,3
769,gather,6
769,move,3
769,pass,7
769,reproduce,8
769,share,3
770,attack,4
770,defend,5
770,gather,3
770,move,5
770,pass,1
770,reproduce,5
770,share,8
771,attack,1
771,defend,4
771,gather,8
771,move,4
771,pass,6
771,reproduce,2
771,share,6
772,defend,10
772,gather,4
772,move,6
772,pass,5
772,reproduce,2
772,share,4
773,attack,5
773,defend,6
773,gather,6
773,move,4
773,pass,2
773,reproduce,5
773,share,3
774,attack,8
774,defend,5
774,gather,3
774,move,3
774,pass,4
774,reproduce,3
774,share,5
775,attack,6
775,defend,4
775,gather,6
775,move,1
775,pass,4
775,reproduce,6
775,share,4
776,attack,3
776,defend,2
776,gather,5
776,move,4
776,pass,8
776,reproduce,4
776,share,4
777,attack,4
777,defend,5
777,gather,4
777,move,6
777,pass,2
777,reproduce,4
777,share,5
778,attack,1
778,defend,4
778,gather,8
778,move,4
778,pass,6
778,reproduce,4
778,share,3
779,attack,3
779,defend,2
779,gather,6
779,move,3
779,pass,7
779,reproduce,3
779,share,8
780,attack,5
780,defend,3
780,gather,5
780,move,4
780,pass,3
780,reproduce,5
780,share,7
781,attack,4
781,defend,7
781,gather,3
781,move,1
781,pass,3
781,reproduce,7
781,share,7
782,attack,3
782,gather,5
782,move,5
782,pass,6
782,reproduce,8
782,share,5
783,attack,4
783,defend,1
783,gather,5
783,move,6
783,pass,5
783,reproduce,6
783,share,5
784,attack,5
784,defend,5
784,gather,4
784,move,3
784,pass,5
784,reproduce,6
784,share,4
785,attack,7
785,defend,4
785,gather,5
785,move,4
785,pass,7
785,reproduce,3
785,share,2
786,attack,3
786,defend,7
786,gather,7
786,move,5
786,pass,1
786,reproduce,3
786,share,6
787,attack,2
787,defend,6
787,gather,4
787,move,4
787,pass,4
787,reproduce,4
787,share,8
788,attack,5
788,defend,2
788,gather,3
788,move,6
788,pass,7
788,reproduce,6
788,share,3
789,attack,4
789,defend,3
789,gather,4
789,move,9
789,pass,3
789,reproduce,5
789,share,4
790,attack,5
790,defend,4
790,gather,3
790,move,7
790,pass,6
790,reproduce,4
790,share,3
791,attack,6
791,defend,7
791,gather,3
791,move,6
791,pass,4
791,reproduce,5
791,share,1
792,attack,3
792,defend,7
792,gather,5
792,move,6
792,reproduce,3
792,share,8
793,attack,5
793,defend,3
793,gather,5
793,move,6
793,pass,5
793,reproduce,2
793,share,6
794,attack,6
794,defend,2
794,gather,4
794,move,5
794,pass,5
794,reproduce,5
794,share,5
795,attack,8
795,defend,5
795,gather,2
795,move,5
795,pass,6
795,reproduce,3
795,share,3
796,attack,4
796,defend,2
796,gather,2
796,move,4
796,pass,9
796,reproduce,4
796,share,7
797,attack,7
797,defend,3
797,gather,4
797,move,5
797,pass,3
797,reproduce,8
797,share,2
798,attack,3
798,defend,3
798,gather,5
798,move,5
798,pass,3
798,reproduce,5
798,share,8
799,attack,7
799,defend,6
799,gather,3
799,move,4
799,pass,1
799,reproduce,8
799,share,3
800,attack,3
800,defend,5
800,gather,6
800,move,6
800,pass,4
800,reproduce,2
800,share,7
801,attack,2
801,defend,6
801,gather,5
801,move,6
801,pass,4
801,reproduce,4
801,share,6
802,attack,4
802,defend,6
802,gather,7
802,move,4
802,pass,7
802,reproduce,5
803,attack,11
803,defend,3
803,gather,6
803,move,6
803,pass,3
803,reproduce,4
803,share,1
804,attack,4
804,defend,10
804,gather,5
804,move,5
804,pass,3
804,reproduce,3
804,share,4
805,attack,4
805,defend,2
805,gather,6
805,move,5
805,pass,5
805,reproduce,5
805,share,7
806,attack,10
806,defend,4
806,gather,4
806,move,6
806,pass,3
806,reproduce,3
806,share,5
807,attack,8
807,defend,3
807,gather,6
807,move,4
807,pass,5
807,reproduce,7
807,share,2
808,attack,3
808,defend,5
808,gather,9
808,move,2
808,pass,5
808,reproduce,5
808,share,6
809,attack,1
809,defend,6
809,gather,5
809,move,2
809,pass,7
809,reproduce,7
809,share,6
810,attack,3
810,defend,6
810,gather,5
810,move,4
810,pass,6
810,reproduce,6
810,share,4
811,attack,6
811,defend,7
811,gather,5
811,move,6
811,pass,3
811,reproduce,3
811,share,4
812,attack,2
812,defend,4
812,gather,6
812,move,6
812,pass,6
812,reproduce,2
812,share,8
813,attack,4
813,defend,4
813,gather,3
813,move,6
813,pass,8
813,reproduce,4
813,share,5
814,attack,7
814,defend,2
814,gather,7
814,move,5
814,pass,3
814,reproduce,7
814,share,3
815,attack,4
815,defend,4
815,gather,4
815,move,4
815,pass,5
815,reproduce,4
815,share,9
816,attack,5
816,defend,3
816,gather,2
816,move,3
816,pass,5
816,reproduce,8
816,share,8
817,attack,7
817,defend,4
817,gather,2
817,move,3
817,pass,4
817,reproduce,7
817,share,6
818,attack,4
818,defend,3
818,gather,7
818,move,6
818,pass,9
818,reproduce,4
819,attack,5
819,defend,2
819,gather,2
819,move,8
819,pass,4
819,reproduce,7
819,share,5
820,attack,2
820,defend,2
820,gather,9
820,move,5
820,pass,5
820,reproduce,4
820,share,6
821,attack,8
821,defend,2
821,gather,2
821,move,4
821,pass,5
821,reproduce,4
821,share,8
822,attack,5
822,defend,5
822,gather,3
822,move,6
822,pass,6
822,reproduce,4
822,share,4
823,attack,3
823,defend,5
823,gather,5
823,move,6
823,pass,4
823,reproduce,6
823,share,3
824,attack,4
824,defend,11
824,gather,2
824,move,4
824,pass,5
824,reproduce,4
824,share,2
825,attack,3
825,defend,6
825,gather,7
825,move,4
825,pass,4
825,reproduce,3
825,share,5
826,attack,7
826,gather,2
826,move,1
826,pass,8
826,reproduce,8
826,share,6
827,attack,5
827,defend,8
827,gather,3
827,move,5
827,pass,4
827,reproduce,4
827,share,3
828,attack,2
828,defend,2
828,gather,4
828,move,3
828,pass,7
828,reproduce,10
828,share,4
829,attack,6
829,defend,7
829,gather,2
829,move,2
829,pass,7
829,reproduce,3
829,share,5
830,attack,3
830,defend,4
830,gather,4
830,move,5
830,pass,3
830,reproduce,7
830,share,6
831,attack,6
831,defend,3
831,gather,5
831,move,3
831,pass,6
831,reproduce,4
831,share,5
832,attack,4
832,defend,5
832,gather,6
832,move,6
832,pass,4
832,reproduce,4
832,share,3
833,attack,8
833,defend,2
833,gather,6
833,move,1
833,pass,3
833,reproduce,3
833,share,9
834,attack,5
834,defend,6
834,gather,3
834,move,4
834,pass,5
834,reproduce,4
834,share,5
835,attack,5
835,defend,5
835,gather,5
835,move,3
835,pass,5
835,reproduce,5
835,share,4
836,attack,2
836,defend,7
836,gather,2
836,move,4
836,pass,8
836,reproduce,3
836,share,6
837,attack,6
837,defend,3
837,gather,6
837,move,5
837,pass,4
837,reproduce,6
837,share,2
838,attack,6
838,gather,6
838,move,4
838,pass,5
838,reproduce,5
838,share,6
839,attack,5
839,defend,5
839,gather,3
839,move,5
839,pass,3
839,reproduce,4
839,share,7
840,attack,5
840,defend,5
840,gather,4
840,move,3
840,pass,2
840,reproduce,4
840,share,9
841,attack,3
841,defend,5
841,gather,7
841,move,3
841,pass,6
841,reproduce,4
841,share,4
842,attack,3
842,defend,5
842,gather,3
842,move,5
842,pass,5
842,reproduce,4
842,share,7
843,attack,5
843,defend,2
843,gather,5
843,move,2
843,pass,4
843,reproduce,7
843,share,7
844,attack,5
844,defend,5
844,gather,2
844,move,5
844,pass,4
844,reproduce,8
844,share,3
845,attack,3
845,defend,4
845,gather,5
845,move,7
845,pass,4
845,reproduce,2
845,share,9
846,attack,6
846,defend,3
846,gather,5
846,move,4
846,pass,8
846,reproduce,2
846,share,6
847,attack,6
847,defend,3
847,gather,7
847,move,4
847,pass,5
847,reproduce,3
847,share,6
848,attack,8
848,defend,8
848,gather,4
848,move,6
848,pass,3
848,reproduce,2
848,share,3
849,attack,6
849,defend,3
849,gather,6
849,move,3
849,pass,4
849,reproduce,5
849,share,6
850,attack,2
850,defend,5
850,gather,4
850,move,10
850,pass,2
850,reproduce,4
850,share,6
851,attack,5
851,defend,2
851,gather,5
851,move,6
851,pass,10
851,reproduce,4
851,share,2
852,attack,3
852,defend,2
852,gather,1
852,move,7
852,pass,5
852,reproduce,9
852,share,8
853,attack,6
853,defend,2
853,gather,3
853,move,10
853,pass,5
853,reproduce,3
853,share,6
854,attack,5
854,defend,4
854,gather,4
854,move,5
854,pass,5
854,reproduce,7
854,share,5
855,attack,3
855,defend,5
855,gather,2
855,move,5
855,pass,4
855,reproduce,7
855,share,8
856,attack,9
856,defend,4
856,gather,2
856,move,6
856,pass,4
856,reproduce,5
856,share,4
857,attack,4
857,defend,2
857,gather,6
857,move,4
857,pass,6
857,reproduce,7
857,share,5
858,attack,7
858,defend,5
858,gather,3
858,move,5
858,pass,5
858,reproduce,2
858,share,7
859,attack,5
859,defend,8
859,gather,2
859,move,7
859,pass,5
859,reproduce,6
859,share,1
860,attack,6
860,defend,7
860,gather,3
860,move,4
860,pass,5
860,reproduce,6
860,share,3
861,attack,9
861,defend,6
861,gather,5
861,move,3
861,pass,6
861,reproduce,3
861,share,2
862,attack,10
862,defend,3
862,gather,1
862,move,9
862,pass,2
862,reproduce,5
862,share,4
863,attack,3
863,defend,6
863,gather,4
863,move,3
863,pass,8
863,reproduce,6
863,share,3
864,attack,7
864,defend,5
864,gather,6
864,move,3
864,pass,5
864,reproduce,4
864,share,3
865,attack,4
865,defend,5
865,gather,6
865,move,4
865,pass,4
865,reproduce,6
865,share,5
866,attack,5
866,defend,4
866,gather,4
866,move,6
866,pass,5
866,reproduce,5
866,share,5
867,attack,6
867,defend,7
867,gather,5
867,move,4
867,pass,3
867,reproduce,4
867,share,6
868,attack,6
868,defend,7
868,gather,5
868,move,5
868,pass,5
868,reproduce,5
868,share,2
869,attack,9
869,defend,6
869,gather,4
869,move,3
869,pass,5
869,reproduce,5
869,share,3
870,attack,6
870,defend,3
870,gather,4
870,move,5
870,pass,5
870,reproduce,9
870,share,3
871,attack,5
871,defend,5
871,gather,1
871,move,3
871,pass,7
871,reproduce,10
871,share,4
872,attack,1
872,defend,2
872,gather,4
872,move,5
872,pass,7
872,reproduce,4
872,share,11
873,attack,4
873,defend,3
873,gather,3
873,move,9
873,pass,5
873,reproduce,7
873,share,3
874,attack,5
874,defend,1
874,gather,7
874,move,4
874,pass,5
874,reproduce,3
874,share,9
875,attack,6
875,defend,6
875,gather,2
875,move,6
875,pass,5
875,reproduce,6
875,share,3
876,attack,4
876,defend,5
876,gather,4
876,move,6
876,pass,3
876,reproduce,8
876,share,5
877,attack,4
877,defend,7
877,gather,7
877,move,7
877,pass,2
877,reproduce,2
877,share,6
878,attack,5
878,defend,5
878,gather,2
878,move,5
878,pass,8
878,reproduce,5
878,share,5
879,attack,5
879,defend,4
879,gather,7
879,move,5
879,pass,6
879,reproduce,3
879,share,5
880,attack,6
880,defend,6
880,gather,5
880,move,2
880,pass,3
880,reproduce,5
880,share,8
881,attack,8
881,defend,5
881,gather,6
881,move,2
881,pass,6
881,reproduce,2
881,share,6
882,attack,5
882,defend,4
882,gather,8
882,move,5
882,pass,3
882,reproduce,4
882,share,5
883,attack,6
883,defend,7
883,gather,3
883,move,6
883,pass,1
883,reproduce,5
883,share,6
884,attack,7
884,defend,4
884,gather,6
884,move,3
884,pass,2
884,reproduce,5
884,share,7
885,attack,5
885,defend,8
885,gather,4
885,move,4
885,pass,2
885,reproduce,5
885,share,5
886,defend,4
886,gather,4
886,move,5
886,pass,5
886,reproduce,8
886,share,8
887,attack,4
887,defend,2
887,gather,2
887,move,7
887,pass,8
887,reproduce,6
887,share,5
888,attack,8
888,defend,5
888,gather,3
888,move,4
888,pass,3
888,reproduce,7
888,share,4
889,attack,2
889,defend,4
889,gather,8
889,move,7
889,pass,7
889,reproduce,2
889,share,4
890,attack,8
890,defend,2
890,gather,4
890,move,5
890,pass,5
890,reproduce,5
890,share,5
891,attack,3
891,defend,3
891,gather,4
891,move,6
891,pass,4
891,reproduce,7
891,share,7
892,attack,5
892,defend,6
892,gather,2
892,move,7
892,pass,3
892,reproduce,5
892,share,5
893,attack,2
893,defend,4
893,gather,7
893,move,5
893,pass,3
893,reproduce,6
893,share,6
894,attack,5
894,defend,4
894,gather,4
894,move,5
894,pass,3
894,reproduce,7
894,share,5
895,attack,2
895,defend,4
895,gather,8
895,move,5
895,pass,6
895,reproduce,3
895,share,5
896,attack,6
896,defend,5
896,gather,2
896,move,3
896,pass,5
896,reproduce,3
896,share,9
897,attack,6
897,defend,2
897,gather,2
897,move,6
897,pass,5
897,reproduce,8
897,share,5
898,attack,5
898,defend,5
898,gather,5
898,move,4
898,pass,5
898,reproduce,7
898,share,3
899,attack,5
899,defend,7
899,gather,5
899,move,5
899,pass,6
899,reproduce,4
899,share,2
900,attack,9
900,defend,7
900,gather,3
900,move,6
900,pass,4
900,reproduce,2
900,share,3
901,attack,6
901,defend,6
901,gather,5
901,move,4
901,pass,4
901,reproduce,2
901,share,7
902,attack,3
902,defend,3
902,gather,6
902,move,5
902,pass,4
902,reproduce,3
902,share,10
903,attack,8
903,defend,5
903,gather,2
903,move,4
903,pass,5
903,reproduce,6
903,share,4
904,attack,5
904,defend,4
904,gather,6
904,move,2
904,pass,5
904,reproduce,7
904,share,5
905,attack,3
905,defend,4
905,gather,5
905,move,4
905,pass,7
905,reproduce,6
905,share,5
906,attack,9
906,defend,6
906,gather,3
906,move,4
906,pass,5
906,reproduce,2
906,share,5
907,attack,9
907,defend,6
907,gather,3
907,move,1
907,pass,5
907,reproduce,5
907,share,5
908,attack,4
908,defend,5
908,gather,4
908,move,2
908,pass,7
908,reproduce,6
908,share,5
909,attack,5
909,defend,6
909,gather,6
909,move,9
909,pass,5
909,reproduce,2
910,attack,4
910,defend,6
910,gather,5
910,move,3
910,pass,4
910,reproduce,5
910,share,6
911,attack,1
911,defend,6
911,gather,5
911,move,8
911,reproduce,6
911,share,6
912,attack,6
912,defend,5
912,gather,5
912,move,8
912,reproduce,3
912,share,6
913,attack,8
913,defend,1
913,gather,7
913,move,8
913,pass,1
913,reproduce,3
913,share,5
914,attack,1
914,defend,6
914,gather,6
914,move,7
914,pass,4
914,reproduce,2
914,share,7
915,attack,3
915,defend,3
915,gather,1
915,move,4
915,pass,7
915,reproduce,10
915,share,5
916,attack,3
916,defend,6
916,gather,4
916,move,7
916,pass,4
916,reproduce,3
916,share,6
917,attack,10
917,defend,3
917,gather,4
917,move,3
917,pass,4
917,reproduce,4
917,share,5
918,attack,3
918,defend,2
918,gather,5
918,move,11
918,pass,5
918,reproduce,3
918,share,4
919,attack,3
919,defend,6
919,gather,3
919,move,4
919,pass,2
919,reproduce,8
919,share,7
920,attack,4
920,defend,5
920,gather,5
920,move,4
920,pass,4
920,reproduce,6
920,share,5
921,attack,5
921,defend,7
921,gather,3
921,move,5
921,pass,3
921,reproduce,6
921,share,4
922,attack,4
922,defend,3
922,gather,5
922,move,3
922,pass,6
922,reproduce,4
922,share,8
923,attack,5
923,defend,4
923,gather,3
923,move,4
923,pass,7
923,reproduce,4
923,share,6
924,attack,5
924,defend,5
924,gather,8
924,move,5
924,pass,4
924,reproduce,4
924,share,2
925,attack,3
925,defend,5
925,gather,4
925,move,5
925,pass,7
925,reproduce,6
925,share,3
926,attack,4
926,defend,5
926,gather,5
926,move,5
926,pass,4
926,reproduce,6
926,share,4
927,attack,7
927,defend,8
927,gather,3
927,move,1
927,pass,4
927,reproduce,6
927,share,4
928,attack,2
928,defend,5
928,gather,10
928,move,6
928,pass,4
928,reproduce,3
928,share,2
929,attack,6
929,defend,3
929,gather,9
929,move,3
929,pass,4
929,reproduce,3
929,share,4
930,attack,3
930,defend,3
930,gather,6
930,move,8
930,pass,2
930,reproduce,5
930,share,5
931,attack,6
931,defend,3
931,gather,6
931,move,4
931,pass,4
931,reproduce,7
931,share,2
932,attack,2
932,defend,5
932,gather,6
932,move,5
932,pass,7
932,reproduce,4
932,share,3
933,attack,3
933,defend,4
933,gather,6
933,move,3
933,pass,5
933,reproduce,2
933,share,9
934,attack,6
934,defend,5
934,gather,3
934,move,2
934,pass,3
934,reproduce,8
934,share,5
935,attack,3
935,defend,5
935,gather,5
935,move,5
935,pass,5
935,reproduce,4
935,share,4
936,attack,4
936,defend,4
936,gather,6
936,move,6
936,pass,2
936,reproduce,4
936,share,5
937,attack,4
937,defend,5
937,gather,4
937,move,4
937,pass,6
937,reproduce,7
937,share,1
938,attack,5
938,defend,3
938,gather,7
938,move,2
938,pass,5
938,reproduce,3
938,share,6
939,attack,5
939,defend,6
939,gather,4
939,move,4
939,pass,8
939,reproduce,3
939,share,1
940,attack,6
940,defend,5
940,gather,4
940,move,6
940,pass,4
940,reproduce,4
940,share,2
941,attack,2
941,defend,9
941,gather,3
941,move,3
941,pass,1
941,reproduce,5
941,share,8
942,attack,2
942,defend,2
942,gather,4
942,move,8
942,pass,8
942,reproduce,2
942,share,5
943,attack,8
943,defend,4
943,gather,6
943,move,2
943,pass,2
943,reproduce,3
943,share,6
944,attack,2
944,defend,5
944,gather,6
944,move,3
944,pass,7
944,reproduce,4
944,share,4
945,attack,5
945,defend,5
945,gather,4
945,move,3
945,pass,3
945,reproduce,7
945,share,4
946,attack,5
946,defend,3
946,gather,4
946,move,4
946,pass,5
946,reproduce,3
946,share,7
947,attack,3
947,defend,6
947,gather,3
947,move,6
947,pass,4
947,reproduce,5
947,share,4
948,attack,6
948,defend,4
948,gather,6
948,move,2
948,pass,4
948,reproduce,5
948,share,4
949,attack,2
949,defend,4
949,gather,8
949,move,3
949,pass,5
949,reproduce,5
949,share,4
950,attack,5
950,defend,5
950,gather,4
950,move,2
950,pass,4
950,reproduce,5
950,share,7
951,defend,4
951,gather,5
951,move,10
951,pass,4
951,reproduce,6
951,share,3
952,attack,3
952,defend,5
952,gather,5
952,move,8
952,pass,2
952,reproduce,5
952,share,4
953,attack,6
953,defend,5
953,gather,2
953,move,5
953,pass,7
953,reproduce,5
953,share,3
954,attack,6
954,defend,2
954,gather,5
954,move,6
954,pass,4
954,reproduce,5
954,share,5
955,attack,6
955,defend,4
955,gather,4
955,move,8
955,pass,5
955,reproduce,2
955,share,4
956,attack,3
956,defend,5
956,gather,8
956,move,1
956,pass,1
956,reproduce,9
956,share,6
957,attack,1
957,defend,6
957,gather,7
957,move,5
957,pass,6
957,reproduce,2
957,share,6
958,attack,8
958,defend,4
958,gather,6
958,move,3
958,pass,4
958,share,8
959,attack,4
959,defend,5
959,gather,2
959,move,3
959,pass,6
959,reproduce,5
959,share,8
960,attack,6
960,defend,6
960,gather,5
960,move,2
960,pass,7
960,reproduce,3
960,share,4
961,attack,7
961,defend,2
961,gather,2
961,move,3
961,pass,7
961,reproduce,4
961,share,8
962,attack,6
962,defend,5
962,gather,2
962,move,5
962,pass,2
962,reproduce,2
962,share,12
963,attack,5
963,defend,3
963,gather,3
963,move,5
963,pass,3
963,reproduce,8
963,share,7
964,attack,4
964,defend,6
964,gather,7
964,move,5
964,pass,6
964,reproduce,4
964,share,3
965,attack,7
965,defend,2
965,gather,3
965,move,9
965,pass,2
965,reproduce,4
965,share,7
966,attack,7
966,defend,9
966,gather,2
966,move,5
966,pass,1
966,reproduce,5
966,share,5
967,attack,4
967,defend,6
967,gather,6
967,move,5
967,pass,3
967,reproduce,8
967,share,2
968,attack,2
968,defend,11
968,gather,4
968,move,8
968,pass,1
968,reproduce,2
968,share,6
969,attack,4
969,defend,9
969,gather,4
969,move,1
969,pass,6
969,reproduce,4
969,share,6
970,attack,6
970,defend,4
970,gather,7
970,move,2
970,pass,4
970,reproduce,4
970,share,7
971,attack,8
971,defend,5
971,gather,3
971,move,2
971,pass,7
971,reproduce,7
971,share,2
972,attack,3
972,defend,6
972,gather,2
972,move,5
972,pass,4
972,reproduce,12
972,share,1
973,attack,6
973,defend,5
973,gather,6
973,move,8
973,pass,5
973,reproduce,3
973,share,1
974,attack,6
974,defend,4
974,gather,4
974,move,5
974,pass,5
974,reproduce,4
974,share,6
975,attack,8
975,defend,7
975,gather,5
975,move,3
975,pass,4
975,reproduce,4
975,share,3
976,attack,5
976,defend,9
976,gather,3
976,move,6
976,pass,1
976,reproduce,6
976,share,4
977,attack,7
977,defend,4
977,gather,5
977,move,4
977,pass,6
977,reproduce,4
977,share,4
978,attack,5
978,defend,4
978,gather,3
978,move,1
978,pass,7
978,reproduce,7
978,share,7
979,attack,4
979,defend,3
979,gather,5
979,move,6
979,pass,5
979,reproduce,7
979,share,4
980,attack,3
980,defend,3
980,gather,6
980,move,7
980,pass,10
980,reproduce,2
980,share,3
981,attack,3
981,defend,5
981,gather,4
981,move,4
981,pass,5
981,reproduce,4
981,share,9
982,attack,3
982,defend,5
982,gather,5
982,move,4
982,pass,1
982,reproduce,5
982,share,11
983,attack,3
983,defend,3
983,gather,5
983,move,5
983,pass,6
983,reproduce,6
983,share,6
984,attack,6
984,defend,4
984,gather,5
984,move,3
984,pass,7
984,reproduce,6
984,share,3
985,attack,2
985,defend,6
985,gather,4
985,move,7
985,pass,4
985,reproduce,6
985,share,5
986,attack,7
986,defend,5
986,gather,7
986,move,5
986,pass,2
986,reproduce,5
986,share,3
987,attack,4
987,defend,4
987,gather,7
987,move,5
987,pass,6
987,reproduce,3
987,share,5
988,attack,2
988,defend,4
988,gather,5
988,move,3
988,pass,9
988,reproduce,7
988,share,4
989,attack,7
989,defend,3
989,gather,4
989,move,4
989,pass,9
989,reproduce,5
989,share,2
990,attack,9
990,defend,1
990,gather,2
990,move,9
990,pass,5
990,reproduce,4
990,share,4
991,attack,8
991,defend,2
991,gather,6
991,move,5
991,pass,5
991,reproduce,7
991,share,1
992,attack,4
992,defend,6
992,gather,1
992,move,8
992,pass,5
992,reproduce,5
992,share,5
993,attack,5
993,defend,6
993,gather,1
993,move,8
993,pass,6
993,reproduce,6
993,share,2
994,attack,7
994,defend,4
994,gather,10
994,move,4
994,pass,3
994,reproduce,3
994,share,3
995,attack,9
995,defend,7
995,gather,7
995,move,3
995,reproduce,6
995,share,2
996,attack,5
996,defend,5
996,gather,5
996,move,5
996,pass,7
996,reproduce,3
996,share,4
997,attack,2
997,defend,6
997,gather,8
997,move,3
997,pass,3
997,reproduce,5
997,share,7
998,attack,8
998,defend,9
998,gather,1
998,move,2
998,pass,4
998,reproduce,7
998,share,3
999,attack,8
999,defend,3
999,gather,3
999,move,3
999,pass,5
999,reproduce,6
999,share,5
